camera_id,year,month,accidents
DEI-001/CAM-01,2019,1,142
DEI-001/CAM-01,2019,2,131
DEI-001/CAM-01,2019,3,145
DEI-001/CAM-01,2019,4,151
DEI-001/CAM-01,2019,5,165
DEI-001/CAM-01,2019,6,133
DEI-001/CAM-01,2019,7,133
DEI-001/CAM-01,2019,8,122
DEI-001/CAM-01,2019,9,144
DEI-001/CAM-01,2019,10,132
DEI-001/CAM-01,2019,11,116
DEI-001/CAM-01,2019,12,155
DEI-001/CAM-01,2020,1,103
DEI-001/CAM-01,2020,2,116
DEI-001/CAM-01,2020,3,80
DEI-001/CAM-01,2020,4,27
DEI-001/CAM-01,2020,5,42
DEI-001/CAM-01,2020,6,76
DEI-001/CAM-01,2020,7,90
DEI-001/CAM-01,2020,8,80
DEI-001/CAM-01,2020,9,79
DEI-001/CAM-01,2020,10,110
DEI-001/CAM-01,2020,11,110
DEI-001/CAM-01,2020,12,103
DEI-001/CAM-01,2021,1,70
DEI-001/CAM-01,2021,2,80
DEI-001/CAM-01,2021,3,122
DEI-001/CAM-01,2021,4,91
DEI-001/CAM-01,2021,5,82
DEI-001/CAM-01,2021,6,123
DEI-001/CAM-01,2021,7,98
DEI-001/CAM-01,2021,8,93
DEI-001/CAM-01,2021,9,111
DEI-001/CAM-01,2021,10,127
DEI-001/CAM-01,2021,11,123
DEI-001/CAM-01,2021,12,107
DEI-001/CAM-01,2022,1,130
DEI-001/CAM-01,2022,2,139
DEI-001/CAM-01,2022,3,146
DEI-001/CAM-01,2022,4,131
DEI-001/CAM-01,2022,5,135
DEI-001/CAM-01,2022,6,138
DEI-001/CAM-01,2022,7,137
DEI-001/CAM-01,2022,8,108
DEI-001/CAM-01,2022,9,136
DEI-001/CAM-01,2022,10,71
DEI-001/CAM-01,2022,11,61
DEI-001/CAM-01,2022,12,57
DEI-001/CAM-02,2019,1,142
DEI-001/CAM-02,2019,2,131
DEI-001/CAM-02,2019,3,145
DEI-001/CAM-02,2019,4,151
DEI-001/CAM-02,2019,5,165
DEI-001/CAM-02,2019,6,133
DEI-001/CAM-02,2019,7,133
DEI-001/CAM-02,2019,8,122
DEI-001/CAM-02,2019,9,144
DEI-001/CAM-02,2019,10,132
DEI-001/CAM-02,2019,11,116
DEI-001/CAM-02,2019,12,155
DEI-001/CAM-02,2020,1,103
DEI-001/CAM-02,2020,2,116
DEI-001/CAM-02,2020,3,80
DEI-001/CAM-02,2020,4,27
DEI-001/CAM-02,2020,5,42
DEI-001/CAM-02,2020,6,76
DEI-001/CAM-02,2020,7,90
DEI-001/CAM-02,2020,8,80
DEI-001/CAM-02,2020,9,79
DEI-001/CAM-02,2020,10,110
DEI-001/CAM-02,2020,11,110
DEI-001/CAM-02,2020,12,103
DEI-001/CAM-02,2021,1,70
DEI-001/CAM-02,2021,2,80
DEI-001/CAM-02,2021,3,122
DEI-001/CAM-02,2021,4,91
DEI-001/CAM-02,2021,5,82
DEI-001/CAM-02,2021,6,123
DEI-001/CAM-02,2021,7,98
DEI-001/CAM-02,2021,8,93
DEI-001/CAM-02,2021,9,111
DEI-001/CAM-02,2021,10,127
DEI-001/CAM-02,2021,11,123
DEI-001/CAM-02,2021,12,107
DEI-001/CAM-02,2022,1,130
DEI-001/CAM-02,2022,2,139
DEI-001/CAM-02,2022,3,146
DEI-001/CAM-02,2022,4,131
DEI-001/CAM-02,2022,5,135
DEI-001/CAM-02,2022,6,138
DEI-001/CAM-02,2022,7,137
DEI-001/CAM-02,2022,8,108
DEI-001/CAM-02,2022,9,136
DEI-001/CAM-02,2022,10,71
DEI-001/CAM-02,2022,11,61
DEI-001/CAM-02,2022,12,57
DEI-002/CAM-01,2019,1,142
DEI-002/CAM-01,2019,2,131
DEI-002/CAM-01,2019,3,145
DEI-002/CAM-01,2019,4,151
DEI-002/CAM-01,2019,5,165
DEI-002/CAM-01,2019,6,133
DEI-002/CAM-01,2019,7,133
DEI-002/CAM-01,2019,8,122
DEI-002/CAM-01,2019,9,144
DEI-002/CAM-01,2019,10,132
DEI-002/CAM-01,2019,11,116
DEI-002/CAM-01,2019,12,155
DEI-002/CAM-01,2020,1,103
DEI-002/CAM-01,2020,2,116
DEI-002/CAM-01,2020,3,80
DEI-002/CAM-01,2020,4,27
DEI-002/CAM-01,2020,5,42
DEI-002/CAM-01,2020,6,76
DEI-002/CAM-01,2020,7,90
DEI-002/CAM-01,2020,8,80
DEI-002/CAM-01,2020,9,79
DEI-002/CAM-01,2020,10,110
DEI-002/CAM-01,2020,11,110
DEI-002/CAM-01,2020,12,103
DEI-002/CAM-01,2021,1,70
DEI-002/CAM-01,2021,2,80
DEI-002/CAM-01,2021,3,122
DEI-002/CAM-01,2021,4,91
DEI-002/CAM-01,2021,5,82
DEI-002/CAM-01,2021,6,123
DEI-002/CAM-01,2021,7,98
DEI-002/CAM-01,2021,8,93
DEI-002/CAM-01,2021,9,111
DEI-002/CAM-01,2021,10,127
DEI-002/CAM-01,2021,11,123
DEI-002/CAM-01,2021,12,107
DEI-002/CAM-01,2022,1,130
DEI-002/CAM-01,2022,2,139
DEI-002/CAM-01,2022,3,146
DEI-002/CAM-01,2022,4,131
DEI-002/CAM-01,2022,5,135
DEI-002/CAM-01,2022,6,138
DEI-002/CAM-01,2022,7,137
DEI-002/CAM-01,2022,8,108
DEI-002/CAM-01,2022,9,136
DEI-002/CAM-01,2022,10,71
DEI-002/CAM-01,2022,11,61
DEI-002/CAM-01,2022,12,57
DEI-002/CAM-02,2019,1,142
DEI-002/CAM-02,2019,2,131
DEI-002/CAM-02,2019,3,145
DEI-002/CAM-02,2019,4,151
DEI-002/CAM-02,2019,5,165
DEI-002/CAM-02,2019,6,133
DEI-002/CAM-02,2019,7,133
DEI-002/CAM-02,2019,8,122
DEI-002/CAM-02,2019,9,144
DEI-002/CAM-02,2019,10,132
DEI-002/CAM-02,2019,11,116
DEI-002/CAM-02,2019,12,155
DEI-002/CAM-02,2020,1,103
DEI-002/CAM-02,2020,2,116
DEI-002/CAM-02,2020,3,80
DEI-002/CAM-02,2020,4,27
DEI-002/CAM-02,2020,5,42
DEI-002/CAM-02,2020,6,76
DEI-002/CAM-02,2020,7,90
DEI-002/CAM-02,2020,8,80
DEI-002/CAM-02,2020,9,79
DEI-002/CAM-02,2020,10,110
DEI-002/CAM-02,2020,11,110
DEI-002/CAM-02,2020,12,103
DEI-002/CAM-02,2021,1,70
DEI-002/CAM-02,2021,2,80
DEI-002/CAM-02,2021,3,122
DEI-002/CAM-02,2021,4,91
DEI-002/CAM-02,2021,5,82
DEI-002/CAM-02,2021,6,123
DEI-002/CAM-02,2021,7,98
DEI-002/CAM-02,2021,8,93
DEI-002/CAM-02,2021,9,111
DEI-002/CAM-02,2021,10,127
DEI-002/CAM-02,2021,11,123
DEI-002/CAM-02,2021,12,107
DEI-002/CAM-02,2022,1,130
DEI-002/CAM-02,2022,2,139
DEI-002/CAM-02,2022,3,146
DEI-002/CAM-02,2022,4,131
DEI-002/CAM-02,2022,5,135
DEI-002/CAM-02,2022,6,138
DEI-002/CAM-02,2022,7,137
DEI-002/CAM-02,2022,8,108
DEI-002/CAM-02,2022,9,136
DEI-002/CAM-02,2022,10,71
DEI-002/CAM-02,2022,11,61
DEI-002/CAM-02,2022,12,57
DEI-003/CAM-01,2019,1,60
DEI-003/CAM-01,2019,2,45
DEI-003/CAM-01,2019,3,46
DEI-003/CAM-01,2019,4,57
DEI-003/CAM-01,2019,5,74
DEI-003/CAM-01,2019,6,55
DEI-003/CAM-01,2019,7,63
DEI-003/CAM-01,2019,8,65
DEI-003/CAM-01,2019,9,50
DEI-003/CAM-01,2019,10,64
DEI-003/CAM-01,2019,11,55
DEI-003/CAM-01,2019,12,55
DEI-003/CAM-01,2020,1,40
DEI-003/CAM-01,2020,2,80
DEI-003/CAM-01,2020,3,34
DEI-003/CAM-01,2020,4,18
DEI-003/CAM-01,2020,5,25
DEI-003/CAM-01,2020,6,22
DEI-003/CAM-01,2020,7,20
DEI-003/CAM-01,2020,8,33
DEI-003/CAM-01,2020,9,46
DEI-003/CAM-01,2020,10,45
DEI-003/CAM-01,2020,11,48
DEI-003/CAM-01,2020,12,52
DEI-003/CAM-01,2021,1,31
DEI-003/CAM-01,2021,2,46
DEI-003/CAM-01,2021,3,60
DEI-003/CAM-01,2021,4,41
DEI-003/CAM-01,2021,5,36
DEI-003/CAM-01,2021,6,50
DEI-003/CAM-01,2021,7,44
DEI-003/CAM-01,2021,8,46
DEI-003/CAM-01,2021,9,64
DEI-003/CAM-01,2021,10,53
DEI-003/CAM-01,2021,11,58
DEI-003/CAM-01,2021,12,44
DEI-003/CAM-01,2022,1,50
DEI-003/CAM-01,2022,2,53
DEI-003/CAM-01,2022,3,63
DEI-003/CAM-01,2022,4,45
DEI-003/CAM-01,2022,5,65
DEI-003/CAM-01,2022,6,62
DEI-003/CAM-01,2022,7,58
DEI-003/CAM-01,2022,8,53
DEI-003/CAM-01,2022,9,56
DEI-003/CAM-01,2022,10,30
DEI-003/CAM-01,2022,11,25
DEI-003/CAM-01,2022,12,33
DEI-003/CAM-02,2019,1,60
DEI-003/CAM-02,2019,2,45
DEI-003/CAM-02,2019,3,46
DEI-003/CAM-02,2019,4,57
DEI-003/CAM-02,2019,5,74
DEI-003/CAM-02,2019,6,55
DEI-003/CAM-02,2019,7,63
DEI-003/CAM-02,2019,8,65
DEI-003/CAM-02,2019,9,50
DEI-003/CAM-02,2019,10,64
DEI-003/CAM-02,2019,11,55
DEI-003/CAM-02,2019,12,55
DEI-003/CAM-02,2020,1,40
DEI-003/CAM-02,2020,2,80
DEI-003/CAM-02,2020,3,34
DEI-003/CAM-02,2020,4,18
DEI-003/CAM-02,2020,5,25
DEI-003/CAM-02,2020,6,22
DEI-003/CAM-02,2020,7,20
DEI-003/CAM-02,2020,8,33
DEI-003/CAM-02,2020,9,46
DEI-003/CAM-02,2020,10,45
DEI-003/CAM-02,2020,11,48
DEI-003/CAM-02,2020,12,52
DEI-003/CAM-02,2021,1,31
DEI-003/CAM-02,2021,2,46
DEI-003/CAM-02,2021,3,60
DEI-003/CAM-02,2021,4,41
DEI-003/CAM-02,2021,5,36
DEI-003/CAM-02,2021,6,50
DEI-003/CAM-02,2021,7,44
DEI-003/CAM-02,2021,8,46
DEI-003/CAM-02,2021,9,64
DEI-003/CAM-02,2021,10,53
DEI-003/CAM-02,2021,11,58
DEI-003/CAM-02,2021,12,44
DEI-003/CAM-02,2022,1,50
DEI-003/CAM-02,2022,2,53
DEI-003/CAM-02,2022,3,63
DEI-003/CAM-02,2022,4,45
DEI-003/CAM-02,2022,5,65
DEI-003/CAM-02,2022,6,62
DEI-003/CAM-02,2022,7,58
DEI-003/CAM-02,2022,8,53
DEI-003/CAM-02,2022,9,56
DEI-003/CAM-02,2022,10,30
DEI-003/CAM-02,2022,11,25
DEI-003/CAM-02,2022,12,33
DEI-006/CAM-01,2019,1,142
DEI-006/CAM-01,2019,2,131
DEI-006/CAM-01,2019,3,145
DEI-006/CAM-01,2019,4,151
DEI-006/CAM-01,2019,5,165
DEI-006/CAM-01,2019,6,133
DEI-006/CAM-01,2019,7,133
DEI-006/CAM-01,2019,8,122
DEI-006/CAM-01,2019,9,144
DEI-006/CAM-01,2019,10,132
DEI-006/CAM-01,2019,11,116
DEI-006/CAM-01,2019,12,155
DEI-006/CAM-01,2020,1,103
DEI-006/CAM-01,2020,2,116
DEI-006/CAM-01,2020,3,80
DEI-006/CAM-01,2020,4,27
DEI-006/CAM-01,2020,5,42
DEI-006/CAM-01,2020,6,76
DEI-006/CAM-01,2020,7,90
DEI-006/CAM-01,2020,8,80
DEI-006/CAM-01,2020,9,79
DEI-006/CAM-01,2020,10,110
DEI-006/CAM-01,2020,11,110
DEI-006/CAM-01,2020,12,103
DEI-006/CAM-01,2021,1,70
DEI-006/CAM-01,2021,2,80
DEI-006/CAM-01,2021,3,122
DEI-006/CAM-01,2021,4,91
DEI-006/CAM-01,2021,5,82
DEI-006/CAM-01,2021,6,123
DEI-006/CAM-01,2021,7,98
DEI-006/CAM-01,2021,8,93
DEI-006/CAM-01,2021,9,111
DEI-006/CAM-01,2021,10,127
DEI-006/CAM-01,2021,11,123
DEI-006/CAM-01,2021,12,107
DEI-006/CAM-01,2022,1,130
DEI-006/CAM-01,2022,2,139
DEI-006/CAM-01,2022,3,146
DEI-006/CAM-01,2022,4,131
DEI-006/CAM-01,2022,5,135
DEI-006/CAM-01,2022,6,138
DEI-006/CAM-01,2022,7,137
DEI-006/CAM-01,2022,8,108
DEI-006/CAM-01,2022,9,136
DEI-006/CAM-01,2022,10,71
DEI-006/CAM-01,2022,11,61
DEI-006/CAM-01,2022,12,57
DEI-006/CAM-02,2019,1,142
DEI-006/CAM-02,2019,2,131
DEI-006/CAM-02,2019,3,145
DEI-006/CAM-02,2019,4,151
DEI-006/CAM-02,2019,5,165
DEI-006/CAM-02,2019,6,133
DEI-006/CAM-02,2019,7,133
DEI-006/CAM-02,2019,8,122
DEI-006/CAM-02,2019,9,144
DEI-006/CAM-02,2019,10,132
DEI-006/CAM-02,2019,11,116
DEI-006/CAM-02,2019,12,155
DEI-006/CAM-02,2020,1,103
DEI-006/CAM-02,2020,2,116
DEI-006/CAM-02,2020,3,80
DEI-006/CAM-02,2020,4,27
DEI-006/CAM-02,2020,5,42
DEI-006/CAM-02,2020,6,76
DEI-006/CAM-02,2020,7,90
DEI-006/CAM-02,2020,8,80
DEI-006/CAM-02,2020,9,79
DEI-006/CAM-02,2020,10,110
DEI-006/CAM-02,2020,11,110
DEI-006/CAM-02,2020,12,103
DEI-006/CAM-02,2021,1,70
DEI-006/CAM-02,2021,2,80
DEI-006/CAM-02,2021,3,122
DEI-006/CAM-02,2021,4,91
DEI-006/CAM-02,2021,5,82
DEI-006/CAM-02,2021,6,123
DEI-006/CAM-02,2021,7,98
DEI-006/CAM-02,2021,8,93
DEI-006/CAM-02,2021,9,111
DEI-006/CAM-02,2021,10,127
DEI-006/CAM-02,2021,11,123
DEI-006/CAM-02,2021,12,107
DEI-006/CAM-02,2022,1,130
DEI-006/CAM-02,2022,2,139
DEI-006/CAM-02,2022,3,146
DEI-006/CAM-02,2022,4,131
DEI-006/CAM-02,2022,5,135
DEI-006/CAM-02,2022,6,138
DEI-006/CAM-02,2022,7,137
DEI-006/CAM-02,2022,8,108
DEI-006/CAM-02,2022,9,136
DEI-006/CAM-02,2022,10,71
DEI-006/CAM-02,2022,11,61
DEI-006/CAM-02,2022,12,57
DEI-007/CAM-01,2019,1,78
DEI-007/CAM-01,2019,2,66
DEI-007/CAM-01,2019,3,81
DEI-007/CAM-01,2019,4,98
DEI-007/CAM-01,2019,5,100
DEI-007/CAM-01,2019,6,71
DEI-007/CAM-01,2019,7,70
DEI-007/CAM-01,2019,8,66
DEI-007/CAM-01,2019,9,85
DEI-007/CAM-01,2019,10,71
DEI-007/CAM-01,2019,11,71
DEI-007/CAM-01,2019,12,93
DEI-007/CAM-01,2020,1,61
DEI-007/CAM-01,2020,2,70
DEI-007/CAM-01,2020,3,55
DEI-007/CAM-01,2020,4,14
DEI-007/CAM-01,2020,5,26
DEI-007/CAM-01,2020,6,50
DEI-007/CAM-01,2020,7,53
DEI-007/CAM-01,2020,8,46
DEI-007/CAM-01,2020,9,56
DEI-007/CAM-01,2020,10,76
DEI-007/CAM-01,2020,11,69
DEI-007/CAM-01,2020,12,69
DEI-007/CAM-01,2021,1,46
DEI-007/CAM-01,2021,2,55
DEI-007/CAM-01,2021,3,76
DEI-007/CAM-01,2021,4,54
DEI-007/CAM-01,2021,5,53
DEI-007/CAM-01,2021,6,81
DEI-007/CAM-01,2021,7,58
DEI-007/CAM-01,2021,8,61
DEI-007/CAM-01,2021,9,84
DEI-007/CAM-01,2021,10,82
DEI-007/CAM-01,2021,11,80
DEI-007/CAM-01,2021,12,71
DEI-007/CAM-01,2022,1,73
DEI-007/CAM-01,2022,2,96
DEI-007/CAM-01,2022,3,87
DEI-007/CAM-01,2022,4,85
DEI-007/CAM-01,2022,5,87
DEI-007/CAM-01,2022,6,90
DEI-007/CAM-01,2022,7,93
DEI-007/CAM-01,2022,8,60
DEI-007/CAM-01,2022,9,95
DEI-007/CAM-01,2022,10,44
DEI-007/CAM-01,2022,11,35
DEI-007/CAM-01,2022,12,36
DEI-007/CAM-02,2019,1,142
DEI-007/CAM-02,2019,2,132
DEI-007/CAM-02,2019,3,145
DEI-007/CAM-02,2019,4,151
DEI-007/CAM-02,2019,5,165
DEI-007/CAM-02,2019,6,133
DEI-007/CAM-02,2019,7,133
DEI-007/CAM-02,2019,8,122
DEI-007/CAM-02,2019,9,147
DEI-007/CAM-02,2019,10,132
DEI-007/CAM-02,2019,11,116
DEI-007/CAM-02,2019,12,157
DEI-007/CAM-02,2020,1,107
DEI-007/CAM-02,2020,2,117
DEI-007/CAM-02,2020,3,80
DEI-007/CAM-02,2020,4,27
DEI-007/CAM-02,2020,5,42
DEI-007/CAM-02,2020,6,76
DEI-007/CAM-02,2020,7,90
DEI-007/CAM-02,2020,8,80
DEI-007/CAM-02,2020,9,79
DEI-007/CAM-02,2020,10,111
DEI-007/CAM-02,2020,11,110
DEI-007/CAM-02,2020,12,104
DEI-007/CAM-02,2021,1,71
DEI-007/CAM-02,2021,2,80
DEI-007/CAM-02,2021,3,122
DEI-007/CAM-02,2021,4,91
DEI-007/CAM-02,2021,5,82
DEI-007/CAM-02,2021,6,123
DEI-007/CAM-02,2021,7,100
DEI-007/CAM-02,2021,8,94
DEI-007/CAM-02,2021,9,113
DEI-007/CAM-02,2021,10,128
DEI-007/CAM-02,2021,11,123
DEI-007/CAM-02,2021,12,108
DEI-007/CAM-02,2022,1,131
DEI-007/CAM-02,2022,2,139
DEI-007/CAM-02,2022,3,148
DEI-007/CAM-02,2022,4,133
DEI-007/CAM-02,2022,5,136
DEI-007/CAM-02,2022,6,138
DEI-007/CAM-02,2022,7,138
DEI-007/CAM-02,2022,8,109
DEI-007/CAM-02,2022,9,139
DEI-007/CAM-02,2022,10,72
DEI-007/CAM-02,2022,11,61
DEI-007/CAM-02,2022,12,57
DEI-007/CAM-03,2019,1,142
DEI-007/CAM-03,2019,2,131
DEI-007/CAM-03,2019,3,145
DEI-007/CAM-03,2019,4,151
DEI-007/CAM-03,2019,5,165
DEI-007/CAM-03,2019,6,133
DEI-007/CAM-03,2019,7,133
DEI-007/CAM-03,2019,8,122
DEI-007/CAM-03,2019,9,144
DEI-007/CAM-03,2019,10,132
DEI-007/CAM-03,2019,11,116
DEI-007/CAM-03,2019,12,155
DEI-007/CAM-03,2020,1,103
DEI-007/CAM-03,2020,2,116
DEI-007/CAM-03,2020,3,80
DEI-007/CAM-03,2020,4,27
DEI-007/CAM-03,2020,5,42
DEI-007/CAM-03,2020,6,76
DEI-007/CAM-03,2020,7,90
DEI-007/CAM-03,2020,8,80
DEI-007/CAM-03,2020,9,79
DEI-007/CAM-03,2020,10,110
DEI-007/CAM-03,2020,11,110
DEI-007/CAM-03,2020,12,103
DEI-007/CAM-03,2021,1,70
DEI-007/CAM-03,2021,2,80
DEI-007/CAM-03,2021,3,122
DEI-007/CAM-03,2021,4,91
DEI-007/CAM-03,2021,5,82
DEI-007/CAM-03,2021,6,123
DEI-007/CAM-03,2021,7,98
DEI-007/CAM-03,2021,8,93
DEI-007/CAM-03,2021,9,111
DEI-007/CAM-03,2021,10,127
DEI-007/CAM-03,2021,11,123
DEI-007/CAM-03,2021,12,107
DEI-007/CAM-03,2022,1,130
DEI-007/CAM-03,2022,2,139
DEI-007/CAM-03,2022,3,146
DEI-007/CAM-03,2022,4,131
DEI-007/CAM-03,2022,5,135
DEI-007/CAM-03,2022,6,138
DEI-007/CAM-03,2022,7,137
DEI-007/CAM-03,2022,8,108
DEI-007/CAM-03,2022,9,136
DEI-007/CAM-03,2022,10,71
DEI-007/CAM-03,2022,11,61
DEI-007/CAM-03,2022,12,57
DEI-008/CAM-01,2019,1,2
DEI-008/CAM-01,2019,2,3
DEI-008/CAM-01,2019,3,2
DEI-008/CAM-01,2019,4,3
DEI-008/CAM-01,2019,5,2
DEI-008/CAM-01,2019,7,2
DEI-008/CAM-01,2019,9,2
DEI-008/CAM-01,2019,11,2
DEI-008/CAM-01,2019,12,4
DEI-008/CAM-01,2020,1,1
DEI-008/CAM-01,2020,2,2
DEI-008/CAM-01,2020,3,2
DEI-008/CAM-01,2020,8,1
DEI-008/CAM-01,2020,9,4
DEI-008/CAM-01,2020,10,2
DEI-008/CAM-01,2020,11,1
DEI-008/CAM-01,2020,12,2
DEI-008/CAM-01,2021,1,7
DEI-008/CAM-01,2021,2,5
DEI-008/CAM-01,2021,3,10
DEI-008/CAM-01,2021,4,6
DEI-008/CAM-01,2021,5,10
DEI-008/CAM-01,2021,6,7
DEI-008/CAM-01,2021,7,6
DEI-008/CAM-01,2021,8,9
DEI-008/CAM-01,2021,9,6
DEI-008/CAM-01,2021,10,9
DEI-008/CAM-01,2021,11,5
DEI-008/CAM-01,2021,12,6
DEI-008/CAM-01,2022,1,5
DEI-008/CAM-01,2022,2,7
DEI-008/CAM-01,2022,3,10
DEI-008/CAM-01,2022,4,13
DEI-008/CAM-01,2022,5,7
DEI-008/CAM-01,2022,6,18
DEI-008/CAM-01,2022,7,8
DEI-008/CAM-01,2022,8,10
DEI-008/CAM-01,2022,9,7
DEI-008/CAM-01,2022,10,4
DEI-008/CAM-01,2022,11,3
DEI-008/CAM-01,2022,12,6
DEI-008/CAM-02,2019,1,2
DEI-008/CAM-02,2019,2,3
DEI-008/CAM-02,2019,3,2
DEI-008/CAM-02,2019,4,3
DEI-008/CAM-02,2019,5,2
DEI-008/CAM-02,2019,7,2
DEI-008/CAM-02,2019,9,2
DEI-008/CAM-02,2019,11,2
DEI-008/CAM-02,2019,12,4
DEI-008/CAM-02,2020,1,1
DEI-008/CAM-02,2020,2,2
DEI-008/CAM-02,2020,3,2
DEI-008/CAM-02,2020,8,1
DEI-008/CAM-02,2020,9,4
DEI-008/CAM-02,2020,10,2
DEI-008/CAM-02,2020,11,1
DEI-008/CAM-02,2020,12,2
DEI-008/CAM-02,2021,1,7
DEI-008/CAM-02,2021,2,5
DEI-008/CAM-02,2021,3,10
DEI-008/CAM-02,2021,4,6
DEI-008/CAM-02,2021,5,10
DEI-008/CAM-02,2021,6,7
DEI-008/CAM-02,2021,7,6
DEI-008/CAM-02,2021,8,9
DEI-008/CAM-02,2021,9,6
DEI-008/CAM-02,2021,10,9
DEI-008/CAM-02,2021,11,5
DEI-008/CAM-02,2021,12,6
DEI-008/CAM-02,2022,1,5
DEI-008/CAM-02,2022,2,7
DEI-008/CAM-02,2022,3,10
DEI-008/CAM-02,2022,4,13
DEI-008/CAM-02,2022,5,7
DEI-008/CAM-02,2022,6,18
DEI-008/CAM-02,2022,7,8
DEI-008/CAM-02,2022,8,10
DEI-008/CAM-02,2022,9,7
DEI-008/CAM-02,2022,10,4
DEI-008/CAM-02,2022,11,3
DEI-008/CAM-02,2022,12,6
DEI-009/CAM-01,2019,1,142
DEI-009/CAM-01,2019,2,131
DEI-009/CAM-01,2019,3,145
DEI-009/CAM-01,2019,4,151
DEI-009/CAM-01,2019,5,165
DEI-009/CAM-01,2019,6,133
DEI-009/CAM-01,2019,7,133
DEI-009/CAM-01,2019,8,122
DEI-009/CAM-01,2019,9,144
DEI-009/CAM-01,2019,10,132
DEI-009/CAM-01,2019,11,116
DEI-009/CAM-01,2019,12,155
DEI-009/CAM-01,2020,1,103
DEI-009/CAM-01,2020,2,116
DEI-009/CAM-01,2020,3,80
DEI-009/CAM-01,2020,4,27
DEI-009/CAM-01,2020,5,42
DEI-009/CAM-01,2020,6,76
DEI-009/CAM-01,2020,7,90
DEI-009/CAM-01,2020,8,80
DEI-009/CAM-01,2020,9,79
DEI-009/CAM-01,2020,10,110
DEI-009/CAM-01,2020,11,110
DEI-009/CAM-01,2020,12,103
DEI-009/CAM-01,2021,1,70
DEI-009/CAM-01,2021,2,80
DEI-009/CAM-01,2021,3,122
DEI-009/CAM-01,2021,4,91
DEI-009/CAM-01,2021,5,82
DEI-009/CAM-01,2021,6,123
DEI-009/CAM-01,2021,7,98
DEI-009/CAM-01,2021,8,93
DEI-009/CAM-01,2021,9,111
DEI-009/CAM-01,2021,10,127
DEI-009/CAM-01,2021,11,123
DEI-009/CAM-01,2021,12,107
DEI-009/CAM-01,2022,1,130
DEI-009/CAM-01,2022,2,139
DEI-009/CAM-01,2022,3,146
DEI-009/CAM-01,2022,4,131
DEI-009/CAM-01,2022,5,135
DEI-009/CAM-01,2022,6,138
DEI-009/CAM-01,2022,7,137
DEI-009/CAM-01,2022,8,108
DEI-009/CAM-01,2022,9,136
DEI-009/CAM-01,2022,10,71
DEI-009/CAM-01,2022,11,61
DEI-009/CAM-01,2022,12,57
DEI-009/CAM-02,2019,1,142
DEI-009/CAM-02,2019,2,131
DEI-009/CAM-02,2019,3,145
DEI-009/CAM-02,2019,4,151
DEI-009/CAM-02,2019,5,165
DEI-009/CAM-02,2019,6,133
DEI-009/CAM-02,2019,7,133
DEI-009/CAM-02,2019,8,122
DEI-009/CAM-02,2019,9,144
DEI-009/CAM-02,2019,10,132
DEI-009/CAM-02,2019,11,116
DEI-009/CAM-02,2019,12,155
DEI-009/CAM-02,2020,1,103
DEI-009/CAM-02,2020,2,116
DEI-009/CAM-02,2020,3,80
DEI-009/CAM-02,2020,4,27
DEI-009/CAM-02,2020,5,42
DEI-009/CAM-02,2020,6,76
DEI-009/CAM-02,2020,7,90
DEI-009/CAM-02,2020,8,80
DEI-009/CAM-02,2020,9,79
DEI-009/CAM-02,2020,10,110
DEI-009/CAM-02,2020,11,110
DEI-009/CAM-02,2020,12,103
DEI-009/CAM-02,2021,1,70
DEI-009/CAM-02,2021,2,80
DEI-009/CAM-02,2021,3,122
DEI-009/CAM-02,2021,4,91
DEI-009/CAM-02,2021,5,82
DEI-009/CAM-02,2021,6,123
DEI-009/CAM-02,2021,7,98
DEI-009/CAM-02,2021,8,93
DEI-009/CAM-02,2021,9,111
DEI-009/CAM-02,2021,10,127
DEI-009/CAM-02,2021,11,123
DEI-009/CAM-02,2021,12,107
DEI-009/CAM-02,2022,1,130
DEI-009/CAM-02,2022,2,139
DEI-009/CAM-02,2022,3,146
DEI-009/CAM-02,2022,4,131
DEI-009/CAM-02,2022,5,135
DEI-009/CAM-02,2022,6,138
DEI-009/CAM-02,2022,7,137
DEI-009/CAM-02,2022,8,108
DEI-009/CAM-02,2022,9,136
DEI-009/CAM-02,2022,10,71
DEI-009/CAM-02,2022,11,61
DEI-009/CAM-02,2022,12,57
DEI-010/CAM-01,2019,1,9
DEI-010/CAM-01,2019,2,7
DEI-010/CAM-01,2019,3,16
DEI-010/CAM-01,2019,4,15
DEI-010/CAM-01,2019,5,13
DEI-010/CAM-01,2019,6,14
DEI-010/CAM-01,2019,7,15
DEI-010/CAM-01,2019,8,20
DEI-010/CAM-01,2019,9,18
DEI-010/CAM-01,2019,10,14
DEI-010/CAM-01,2019,11,21
DEI-010/CAM-01,2019,12,15
DEI-010/CAM-01,2020,1,8
DEI-010/CAM-01,2020,2,10
DEI-010/CAM-01,2020,3,8
DEI-010/CAM-01,2020,4,2
DEI-010/CAM-01,2020,5,5
DEI-010/CAM-01,2020,6,8
DEI-010/CAM-01,2020,7,6
DEI-010/CAM-01,2020,8,5
DEI-010/CAM-01,2020,9,9
DEI-010/CAM-01,2020,10,15
DEI-010/CAM-01,2020,11,7
DEI-010/CAM-01,2020,12,9
DEI-010/CAM-01,2021,1,9
DEI-010/CAM-01,2021,2,7
DEI-010/CAM-01,2021,3,20
DEI-010/CAM-01,2021,4,13
DEI-010/CAM-01,2021,5,7
DEI-010/CAM-01,2021,6,6
DEI-010/CAM-01,2021,7,14
DEI-010/CAM-01,2021,8,21
DEI-010/CAM-01,2021,9,21
DEI-010/CAM-01,2021,10,16
DEI-010/CAM-01,2021,11,11
DEI-010/CAM-01,2021,12,14
DEI-010/CAM-01,2022,1,17
DEI-010/CAM-01,2022,2,20
DEI-010/CAM-01,2022,3,25
DEI-010/CAM-01,2022,4,18
DEI-010/CAM-01,2022,5,22
DEI-010/CAM-01,2022,6,18
DEI-010/CAM-01,2022,7,19
DEI-010/CAM-01,2022,8,7
DEI-010/CAM-01,2022,9,9
DEI-010/CAM-01,2022,10,5
DEI-010/CAM-01,2022,11,6
DEI-010/CAM-01,2022,12,5
DEI-010/CAM-02,2019,1,9
DEI-010/CAM-02,2019,2,7
DEI-010/CAM-02,2019,3,16
DEI-010/CAM-02,2019,4,15
DEI-010/CAM-02,2019,5,13
DEI-010/CAM-02,2019,6,14
DEI-010/CAM-02,2019,7,15
DEI-010/CAM-02,2019,8,20
DEI-010/CAM-02,2019,9,18
DEI-010/CAM-02,2019,10,14
DEI-010/CAM-02,2019,11,21
DEI-010/CAM-02,2019,12,15
DEI-010/CAM-02,2020,1,8
DEI-010/CAM-02,2020,2,10
DEI-010/CAM-02,2020,3,8
DEI-010/CAM-02,2020,4,2
DEI-010/CAM-02,2020,5,5
DEI-010/CAM-02,2020,6,8
DEI-010/CAM-02,2020,7,6
DEI-010/CAM-02,2020,8,5
DEI-010/CAM-02,2020,9,9
DEI-010/CAM-02,2020,10,15
DEI-010/CAM-02,2020,11,7
DEI-010/CAM-02,2020,12,9
DEI-010/CAM-02,2021,1,9
DEI-010/CAM-02,2021,2,7
DEI-010/CAM-02,2021,3,20
DEI-010/CAM-02,2021,4,13
DEI-010/CAM-02,2021,5,7
DEI-010/CAM-02,2021,6,6
DEI-010/CAM-02,2021,7,14
DEI-010/CAM-02,2021,8,21
DEI-010/CAM-02,2021,9,21
DEI-010/CAM-02,2021,10,16
DEI-010/CAM-02,2021,11,11
DEI-010/CAM-02,2021,12,14
DEI-010/CAM-02,2022,1,17
DEI-010/CAM-02,2022,2,20
DEI-010/CAM-02,2022,3,25
DEI-010/CAM-02,2022,4,18
DEI-010/CAM-02,2022,5,22
DEI-010/CAM-02,2022,6,18
DEI-010/CAM-02,2022,7,19
DEI-010/CAM-02,2022,8,7
DEI-010/CAM-02,2022,9,9
DEI-010/CAM-02,2022,10,5
DEI-010/CAM-02,2022,11,6
DEI-010/CAM-02,2022,12,5
DEI-010/CAM-03,2019,1,19
DEI-010/CAM-03,2019,2,23
DEI-010/CAM-03,2019,3,24
DEI-010/CAM-03,2019,4,23
DEI-010/CAM-03,2019,5,26
DEI-010/CAM-03,2019,6,16
DEI-010/CAM-03,2019,7,33
DEI-010/CAM-03,2019,8,28
DEI-010/CAM-03,2019,9,33
DEI-010/CAM-03,2019,10,27
DEI-010/CAM-03,2019,11,31
DEI-010/CAM-03,2019,12,14
DEI-010/CAM-03,2020,1,18
DEI-010/CAM-03,2020,2,17
DEI-010/CAM-03,2020,3,12
DEI-010/CAM-03,2020,4,3
DEI-010/CAM-03,2020,5,8
DEI-010/CAM-03,2020,6,7
DEI-010/CAM-03,2020,7,3
DEI-010/CAM-03,2020,8,9
DEI-010/CAM-03,2020,9,13
DEI-010/CAM-03,2020,10,5
DEI-010/CAM-03,2020,11,7
DEI-010/CAM-03,2020,12,10
DEI-010/CAM-03,2021,1,7
DEI-010/CAM-03,2021,2,17
DEI-010/CAM-03,2021,3,14
DEI-010/CAM-03,2021,4,18
DEI-010/CAM-03,2021,5,16
DEI-010/CAM-03,2021,6,18
DEI-010/CAM-03,2021,7,8
DEI-010/CAM-03,2021,8,14
DEI-010/CAM-03,2021,9,25
DEI-010/CAM-03,2021,10,22
DEI-010/CAM-03,2021,11,19
DEI-010/CAM-03,2021,12,19
DEI-010/CAM-03,2022,1,17
DEI-010/CAM-03,2022,2,17
DEI-010/CAM-03,2022,3,25
DEI-010/CAM-03,2022,4,20
DEI-010/CAM-03,2022,5,26
DEI-010/CAM-03,2022,6,27
DEI-010/CAM-03,2022,7,20
DEI-010/CAM-03,2022,8,30
DEI-010/CAM-03,2022,9,25
DEI-010/CAM-03,2022,10,7
DEI-010/CAM-03,2022,11,14
DEI-010/CAM-03,2022,12,6
DEI-010/CAM-04,2019,1,19
DEI-010/CAM-04,2019,2,23
DEI-010/CAM-04,2019,3,24
DEI-010/CAM-04,2019,4,23
DEI-010/CAM-04,2019,5,26
DEI-010/CAM-04,2019,6,16
DEI-010/CAM-04,2019,7,33
DEI-010/CAM-04,2019,8,28
DEI-010/CAM-04,2019,9,33
DEI-010/CAM-04,2019,10,27
DEI-010/CAM-04,2019,11,31
DEI-010/CAM-04,2019,12,14
DEI-010/CAM-04,2020,1,18
DEI-010/CAM-04,2020,2,17
DEI-010/CAM-04,2020,3,12
DEI-010/CAM-04,2020,4,3
DEI-010/CAM-04,2020,5,8
DEI-010/CAM-04,2020,6,7
DEI-010/CAM-04,2020,7,3
DEI-010/CAM-04,2020,8,9
DEI-010/CAM-04,2020,9,13
DEI-010/CAM-04,2020,10,5
DEI-010/CAM-04,2020,11,7
DEI-010/CAM-04,2020,12,10
DEI-010/CAM-04,2021,1,7
DEI-010/CAM-04,2021,2,17
DEI-010/CAM-04,2021,3,14
DEI-010/CAM-04,2021,4,18
DEI-010/CAM-04,2021,5,16
DEI-010/CAM-04,2021,6,18
DEI-010/CAM-04,2021,7,8
DEI-010/CAM-04,2021,8,14
DEI-010/CAM-04,2021,9,25
DEI-010/CAM-04,2021,10,22
DEI-010/CAM-04,2021,11,19
DEI-010/CAM-04,2021,12,19
DEI-010/CAM-04,2022,1,17
DEI-010/CAM-04,2022,2,17
DEI-010/CAM-04,2022,3,25
DEI-010/CAM-04,2022,4,20
DEI-010/CAM-04,2022,5,26
DEI-010/CAM-04,2022,6,27
DEI-010/CAM-04,2022,7,20
DEI-010/CAM-04,2022,8,30
DEI-010/CAM-04,2022,9,25
DEI-010/CAM-04,2022,10,7
DEI-010/CAM-04,2022,11,14
DEI-010/CAM-04,2022,12,6
DEI-011/CAM-01,2019,1,53
DEI-011/CAM-01,2019,2,45
DEI-011/CAM-01,2019,3,69
DEI-011/CAM-01,2019,4,57
DEI-011/CAM-01,2019,5,56
DEI-011/CAM-01,2019,6,47
DEI-011/CAM-01,2019,7,56
DEI-011/CAM-01,2019,8,61
DEI-011/CAM-01,2019,9,56
DEI-011/CAM-01,2019,10,66
DEI-011/CAM-01,2019,11,52
DEI-011/CAM-01,2019,12,67
DEI-011/CAM-01,2020,1,36
DEI-011/CAM-01,2020,2,61
DEI-011/CAM-01,2020,3,47
DEI-011/CAM-01,2020,4,22
DEI-011/CAM-01,2020,5,27
DEI-011/CAM-01,2020,6,44
DEI-011/CAM-01,2020,7,39
DEI-011/CAM-01,2020,8,34
DEI-011/CAM-01,2020,9,54
DEI-011/CAM-01,2020,10,43
DEI-011/CAM-01,2020,11,47
DEI-011/CAM-01,2020,12,51
DEI-011/CAM-01,2021,1,71
DEI-011/CAM-01,2021,2,52
DEI-011/CAM-01,2021,3,78
DEI-011/CAM-01,2021,4,59
DEI-011/CAM-01,2021,5,56
DEI-011/CAM-01,2021,6,59
DEI-011/CAM-01,2021,7,57
DEI-011/CAM-01,2021,8,58
DEI-011/CAM-01,2021,9,64
DEI-011/CAM-01,2021,10,72
DEI-011/CAM-01,2021,11,79
DEI-011/CAM-01,2021,12,69
DEI-011/CAM-01,2022,1,59
DEI-011/CAM-01,2022,2,95
DEI-011/CAM-01,2022,3,82
DEI-011/CAM-01,2022,4,78
DEI-011/CAM-01,2022,5,76
DEI-011/CAM-01,2022,6,89
DEI-011/CAM-01,2022,7,96
DEI-011/CAM-01,2022,8,70
DEI-011/CAM-01,2022,9,58
DEI-011/CAM-01,2022,10,46
DEI-011/CAM-01,2022,11,41
DEI-011/CAM-01,2022,12,50
DEI-011/CAM-02,2019,1,53
DEI-011/CAM-02,2019,2,45
DEI-011/CAM-02,2019,3,69
DEI-011/CAM-02,2019,4,57
DEI-011/CAM-02,2019,5,56
DEI-011/CAM-02,2019,6,47
DEI-011/CAM-02,2019,7,56
DEI-011/CAM-02,2019,8,61
DEI-011/CAM-02,2019,9,56
DEI-011/CAM-02,2019,10,66
DEI-011/CAM-02,2019,11,52
DEI-011/CAM-02,2019,12,67
DEI-011/CAM-02,2020,1,36
DEI-011/CAM-02,2020,2,61
DEI-011/CAM-02,2020,3,47
DEI-011/CAM-02,2020,4,22
DEI-011/CAM-02,2020,5,27
DEI-011/CAM-02,2020,6,44
DEI-011/CAM-02,2020,7,39
DEI-011/CAM-02,2020,8,34
DEI-011/CAM-02,2020,9,54
DEI-011/CAM-02,2020,10,43
DEI-011/CAM-02,2020,11,47
DEI-011/CAM-02,2020,12,51
DEI-011/CAM-02,2021,1,71
DEI-011/CAM-02,2021,2,52
DEI-011/CAM-02,2021,3,78
DEI-011/CAM-02,2021,4,59
DEI-011/CAM-02,2021,5,56
DEI-011/CAM-02,2021,6,59
DEI-011/CAM-02,2021,7,57
DEI-011/CAM-02,2021,8,58
DEI-011/CAM-02,2021,9,64
DEI-011/CAM-02,2021,10,72
DEI-011/CAM-02,2021,11,79
DEI-011/CAM-02,2021,12,69
DEI-011/CAM-02,2022,1,59
DEI-011/CAM-02,2022,2,95
DEI-011/CAM-02,2022,3,82
DEI-011/CAM-02,2022,4,78
DEI-011/CAM-02,2022,5,76
DEI-011/CAM-02,2022,6,89
DEI-011/CAM-02,2022,7,96
DEI-011/CAM-02,2022,8,70
DEI-011/CAM-02,2022,9,58
DEI-011/CAM-02,2022,10,46
DEI-011/CAM-02,2022,11,41
DEI-011/CAM-02,2022,12,50
DEI-012/CAM-01,2019,1,59
DEI-012/CAM-01,2019,2,74
DEI-012/CAM-01,2019,3,92
DEI-012/CAM-01,2019,4,62
DEI-012/CAM-01,2019,5,88
DEI-012/CAM-01,2019,6,72
DEI-012/CAM-01,2019,7,97
DEI-012/CAM-01,2019,8,98
DEI-012/CAM-01,2019,9,69
DEI-012/CAM-01,2019,10,85
DEI-012/CAM-01,2019,11,67
DEI-012/CAM-01,2019,12,75
DEI-012/CAM-01,2020,1,68
DEI-012/CAM-01,2020,2,74
DEI-012/CAM-01,2020,3,46
DEI-012/CAM-01,2020,4,13
DEI-012/CAM-01,2020,5,19
DEI-012/CAM-01,2020,6,29
DEI-012/CAM-01,2020,7,40
DEI-012/CAM-01,2020,8,40
DEI-012/CAM-01,2020,9,61
DEI-012/CAM-01,2020,10,50
DEI-012/CAM-01,2020,11,62
DEI-012/CAM-01,2020,12,57
DEI-012/CAM-01,2021,1,62
DEI-012/CAM-01,2021,2,75
DEI-012/CAM-01,2021,3,114
DEI-012/CAM-01,2021,4,67
DEI-012/CAM-01,2021,5,69
DEI-012/CAM-01,2021,6,84
DEI-012/CAM-01,2021,7,96
DEI-012/CAM-01,2021,8,76
DEI-012/CAM-01,2021,9,103
DEI-012/CAM-01,2021,10,131
DEI-012/CAM-01,2021,11,116
DEI-012/CAM-01,2021,12,103
DEI-012/CAM-01,2022,1,102
DEI-012/CAM-01,2022,2,119
DEI-012/CAM-01,2022,3,124
DEI-012/CAM-01,2022,4,135
DEI-012/CAM-01,2022,5,145
DEI-012/CAM-01,2022,6,157
DEI-012/CAM-01,2022,7,140
DEI-012/CAM-01,2022,8,109
DEI-012/CAM-01,2022,9,89
DEI-012/CAM-01,2022,10,62
DEI-012/CAM-01,2022,11,63
DEI-012/CAM-01,2022,12,72
DEI-012/CAM-02,2019,1,59
DEI-012/CAM-02,2019,2,74
DEI-012/CAM-02,2019,3,92
DEI-012/CAM-02,2019,4,62
DEI-012/CAM-02,2019,5,88
DEI-012/CAM-02,2019,6,72
DEI-012/CAM-02,2019,7,97
DEI-012/CAM-02,2019,8,98
DEI-012/CAM-02,2019,9,69
DEI-012/CAM-02,2019,10,85
DEI-012/CAM-02,2019,11,67
DEI-012/CAM-02,2019,12,75
DEI-012/CAM-02,2020,1,68
DEI-012/CAM-02,2020,2,74
DEI-012/CAM-02,2020,3,46
DEI-012/CAM-02,2020,4,13
DEI-012/CAM-02,2020,5,19
DEI-012/CAM-02,2020,6,29
DEI-012/CAM-02,2020,7,40
DEI-012/CAM-02,2020,8,40
DEI-012/CAM-02,2020,9,61
DEI-012/CAM-02,2020,10,50
DEI-012/CAM-02,2020,11,62
DEI-012/CAM-02,2020,12,57
DEI-012/CAM-02,2021,1,62
DEI-012/CAM-02,2021,2,75
DEI-012/CAM-02,2021,3,114
DEI-012/CAM-02,2021,4,67
DEI-012/CAM-02,2021,5,69
DEI-012/CAM-02,2021,6,84
DEI-012/CAM-02,2021,7,96
DEI-012/CAM-02,2021,8,76
DEI-012/CAM-02,2021,9,103
DEI-012/CAM-02,2021,10,131
DEI-012/CAM-02,2021,11,116
DEI-012/CAM-02,2021,12,103
DEI-012/CAM-02,2022,1,102
DEI-012/CAM-02,2022,2,119
DEI-012/CAM-02,2022,3,124
DEI-012/CAM-02,2022,4,135
DEI-012/CAM-02,2022,5,145
DEI-012/CAM-02,2022,6,157
DEI-012/CAM-02,2022,7,140
DEI-012/CAM-02,2022,8,109
DEI-012/CAM-02,2022,9,89
DEI-012/CAM-02,2022,10,62
DEI-012/CAM-02,2022,11,63
DEI-012/CAM-02,2022,12,72
DEI-013/CAM-01,2019,1,22
DEI-013/CAM-01,2019,2,29
DEI-013/CAM-01,2019,3,35
DEI-013/CAM-01,2019,4,27
DEI-013/CAM-01,2019,5,37
DEI-013/CAM-01,2019,6,24
DEI-013/CAM-01,2019,7,25
DEI-013/CAM-01,2019,8,38
DEI-013/CAM-01,2019,9,24
DEI-013/CAM-01,2019,10,32
DEI-013/CAM-01,2019,11,24
DEI-013/CAM-01,2019,12,54
DEI-013/CAM-01,2020,1,26
DEI-013/CAM-01,2020,2,27
DEI-013/CAM-01,2020,3,23
DEI-013/CAM-01,2020,4,1
DEI-013/CAM-01,2020,5,9
DEI-013/CAM-01,2020,6,25
DEI-013/CAM-01,2020,7,21
DEI-013/CAM-01,2020,8,11
DEI-013/CAM-01,2020,9,24
DEI-013/CAM-01,2020,10,26
DEI-013/CAM-01,2020,11,25
DEI-013/CAM-01,2020,12,24
DEI-013/CAM-01,2021,1,16
DEI-013/CAM-01,2021,2,25
DEI-013/CAM-01,2021,3,46
DEI-013/CAM-01,2021,4,34
DEI-013/CAM-01,2021,5,20
DEI-013/CAM-01,2021,6,29
DEI-013/CAM-01,2021,7,36
DEI-013/CAM-01,2021,8,29
DEI-013/CAM-01,2021,9,41
DEI-013/CAM-01,2021,10,32
DEI-013/CAM-01,2021,11,41
DEI-013/CAM-01,2021,12,40
DEI-013/CAM-01,2022,1,28
DEI-013/CAM-01,2022,2,51
DEI-013/CAM-01,2022,3,37
DEI-013/CAM-01,2022,4,42
DEI-013/CAM-01,2022,5,52
DEI-013/CAM-01,2022,6,42
DEI-013/CAM-01,2022,7,43
DEI-013/CAM-01,2022,8,38
DEI-013/CAM-01,2022,9,34
DEI-013/CAM-01,2022,10,28
DEI-013/CAM-01,2022,11,17
DEI-013/CAM-01,2022,12,22
DEI-013/CAM-02,2019,1,22
DEI-013/CAM-02,2019,2,29
DEI-013/CAM-02,2019,3,35
DEI-013/CAM-02,2019,4,27
DEI-013/CAM-02,2019,5,37
DEI-013/CAM-02,2019,6,24
DEI-013/CAM-02,2019,7,25
DEI-013/CAM-02,2019,8,38
DEI-013/CAM-02,2019,9,24
DEI-013/CAM-02,2019,10,32
DEI-013/CAM-02,2019,11,24
DEI-013/CAM-02,2019,12,54
DEI-013/CAM-02,2020,1,26
DEI-013/CAM-02,2020,2,27
DEI-013/CAM-02,2020,3,23
DEI-013/CAM-02,2020,4,1
DEI-013/CAM-02,2020,5,9
DEI-013/CAM-02,2020,6,25
DEI-013/CAM-02,2020,7,21
DEI-013/CAM-02,2020,8,11
DEI-013/CAM-02,2020,9,24
DEI-013/CAM-02,2020,10,26
DEI-013/CAM-02,2020,11,25
DEI-013/CAM-02,2020,12,24
DEI-013/CAM-02,2021,1,16
DEI-013/CAM-02,2021,2,25
DEI-013/CAM-02,2021,3,46
DEI-013/CAM-02,2021,4,34
DEI-013/CAM-02,2021,5,20
DEI-013/CAM-02,2021,6,29
DEI-013/CAM-02,2021,7,36
DEI-013/CAM-02,2021,8,29
DEI-013/CAM-02,2021,9,41
DEI-013/CAM-02,2021,10,32
DEI-013/CAM-02,2021,11,41
DEI-013/CAM-02,2021,12,40
DEI-013/CAM-02,2022,1,28
DEI-013/CAM-02,2022,2,51
DEI-013/CAM-02,2022,3,37
DEI-013/CAM-02,2022,4,42
DEI-013/CAM-02,2022,5,52
DEI-013/CAM-02,2022,6,42
DEI-013/CAM-02,2022,7,43
DEI-013/CAM-02,2022,8,38
DEI-013/CAM-02,2022,9,34
DEI-013/CAM-02,2022,10,28
DEI-013/CAM-02,2022,11,17
DEI-013/CAM-02,2022,12,22
DEI-014/CAM-01,2019,1,13
DEI-014/CAM-01,2019,2,11
DEI-014/CAM-01,2019,3,12
DEI-014/CAM-01,2019,4,11
DEI-014/CAM-01,2019,5,10
DEI-014/CAM-01,2019,6,18
DEI-014/CAM-01,2019,7,9
DEI-014/CAM-01,2019,8,17
DEI-014/CAM-01,2019,9,10
DEI-014/CAM-01,2019,10,7
DEI-014/CAM-01,2019,11,9
DEI-014/CAM-01,2019,12,9
DEI-014/CAM-01,2020,1,9
DEI-014/CAM-01,2020,2,7
DEI-014/CAM-01,2020,3,4
DEI-014/CAM-01,2020,4,5
DEI-014/CAM-01,2020,5,3
DEI-014/CAM-01,2020,6,6
DEI-014/CAM-01,2020,7,2
DEI-014/CAM-01,2020,8,8
DEI-014/CAM-01,2020,9,8
DEI-014/CAM-01,2020,10,13
DEI-014/CAM-01,2020,11,7
DEI-014/CAM-01,2020,12,12
DEI-014/CAM-01,2021,1,25
DEI-014/CAM-01,2021,2,29
DEI-014/CAM-01,2021,3,38
DEI-014/CAM-01,2021,4,24
DEI-014/CAM-01,2021,5,20
DEI-014/CAM-01,2021,6,37
DEI-014/CAM-01,2021,7,30
DEI-014/CAM-01,2021,8,34
DEI-014/CAM-01,2021,9,32
DEI-014/CAM-01,2021,10,23
DEI-014/CAM-01,2021,11,36
DEI-014/CAM-01,2021,12,35
DEI-014/CAM-01,2022,1,39
DEI-014/CAM-01,2022,2,52
DEI-014/CAM-01,2022,3,48
DEI-014/CAM-01,2022,4,37
DEI-014/CAM-01,2022,5,62
DEI-014/CAM-01,2022,6,48
DEI-014/CAM-01,2022,7,51
DEI-014/CAM-01,2022,8,40
DEI-014/CAM-01,2022,9,43
DEI-014/CAM-01,2022,10,31
DEI-014/CAM-01,2022,11,25
DEI-014/CAM-01,2022,12,36
DEI-014/CAM-02,2019,1,13
DEI-014/CAM-02,2019,2,11
DEI-014/CAM-02,2019,3,12
DEI-014/CAM-02,2019,4,11
DEI-014/CAM-02,2019,5,10
DEI-014/CAM-02,2019,6,18
DEI-014/CAM-02,2019,7,9
DEI-014/CAM-02,2019,8,17
DEI-014/CAM-02,2019,9,10
DEI-014/CAM-02,2019,10,7
DEI-014/CAM-02,2019,11,9
DEI-014/CAM-02,2019,12,9
DEI-014/CAM-02,2020,1,9
DEI-014/CAM-02,2020,2,7
DEI-014/CAM-02,2020,3,4
DEI-014/CAM-02,2020,4,5
DEI-014/CAM-02,2020,5,3
DEI-014/CAM-02,2020,6,6
DEI-014/CAM-02,2020,7,2
DEI-014/CAM-02,2020,8,8
DEI-014/CAM-02,2020,9,8
DEI-014/CAM-02,2020,10,13
DEI-014/CAM-02,2020,11,7
DEI-014/CAM-02,2020,12,12
DEI-014/CAM-02,2021,1,25
DEI-014/CAM-02,2021,2,29
DEI-014/CAM-02,2021,3,38
DEI-014/CAM-02,2021,4,24
DEI-014/CAM-02,2021,5,20
DEI-014/CAM-02,2021,6,37
DEI-014/CAM-02,2021,7,30
DEI-014/CAM-02,2021,8,34
DEI-014/CAM-02,2021,9,32
DEI-014/CAM-02,2021,10,23
DEI-014/CAM-02,2021,11,36
DEI-014/CAM-02,2021,12,35
DEI-014/CAM-02,2022,1,39
DEI-014/CAM-02,2022,2,52
DEI-014/CAM-02,2022,3,48
DEI-014/CAM-02,2022,4,37
DEI-014/CAM-02,2022,5,62
DEI-014/CAM-02,2022,6,48
DEI-014/CAM-02,2022,7,51
DEI-014/CAM-02,2022,8,40
DEI-014/CAM-02,2022,9,43
DEI-014/CAM-02,2022,10,31
DEI-014/CAM-02,2022,11,25
DEI-014/CAM-02,2022,12,36
DEI-016/CAM-01,2019,1,59
DEI-016/CAM-01,2019,2,74
DEI-016/CAM-01,2019,3,92
DEI-016/CAM-01,2019,4,62
DEI-016/CAM-01,2019,5,88
DEI-016/CAM-01,2019,6,72
DEI-016/CAM-01,2019,7,97
DEI-016/CAM-01,2019,8,98
DEI-016/CAM-01,2019,9,69
DEI-016/CAM-01,2019,10,85
DEI-016/CAM-01,2019,11,67
DEI-016/CAM-01,2019,12,75
DEI-016/CAM-01,2020,1,68
DEI-016/CAM-01,2020,2,74
DEI-016/CAM-01,2020,3,46
DEI-016/CAM-01,2020,4,13
DEI-016/CAM-01,2020,5,19
DEI-016/CAM-01,2020,6,29
DEI-016/CAM-01,2020,7,40
DEI-016/CAM-01,2020,8,40
DEI-016/CAM-01,2020,9,61
DEI-016/CAM-01,2020,10,50
DEI-016/CAM-01,2020,11,62
DEI-016/CAM-01,2020,12,57
DEI-016/CAM-01,2021,1,62
DEI-016/CAM-01,2021,2,75
DEI-016/CAM-01,2021,3,114
DEI-016/CAM-01,2021,4,67
DEI-016/CAM-01,2021,5,69
DEI-016/CAM-01,2021,6,84
DEI-016/CAM-01,2021,7,96
DEI-016/CAM-01,2021,8,76
DEI-016/CAM-01,2021,9,103
DEI-016/CAM-01,2021,10,131
DEI-016/CAM-01,2021,11,116
DEI-016/CAM-01,2021,12,103
DEI-016/CAM-01,2022,1,102
DEI-016/CAM-01,2022,2,119
DEI-016/CAM-01,2022,3,124
DEI-016/CAM-01,2022,4,135
DEI-016/CAM-01,2022,5,145
DEI-016/CAM-01,2022,6,157
DEI-016/CAM-01,2022,7,140
DEI-016/CAM-01,2022,8,109
DEI-016/CAM-01,2022,9,89
DEI-016/CAM-01,2022,10,62
DEI-016/CAM-01,2022,11,63
DEI-016/CAM-01,2022,12,72
DEI-016/CAM-02,2019,1,39
DEI-016/CAM-02,2019,2,49
DEI-016/CAM-02,2019,3,60
DEI-016/CAM-02,2019,4,51
DEI-016/CAM-02,2019,5,61
DEI-016/CAM-02,2019,6,47
DEI-016/CAM-02,2019,7,66
DEI-016/CAM-02,2019,8,67
DEI-016/CAM-02,2019,9,50
DEI-016/CAM-02,2019,10,53
DEI-016/CAM-02,2019,11,44
DEI-016/CAM-02,2019,12,48
DEI-016/CAM-02,2020,1,39
DEI-016/CAM-02,2020,2,43
DEI-016/CAM-02,2020,3,33
DEI-016/CAM-02,2020,4,13
DEI-016/CAM-02,2020,5,13
DEI-016/CAM-02,2020,6,21
DEI-016/CAM-02,2020,7,28
DEI-016/CAM-02,2020,8,31
DEI-016/CAM-02,2020,9,37
DEI-016/CAM-02,2020,10,34
DEI-016/CAM-02,2020,11,39
DEI-016/CAM-02,2020,12,38
DEI-016/CAM-02,2021,1,35
DEI-016/CAM-02,2021,2,51
DEI-016/CAM-02,2021,3,66
DEI-016/CAM-02,2021,4,41
DEI-016/CAM-02,2021,5,43
DEI-016/CAM-02,2021,6,54
DEI-016/CAM-02,2021,7,54
DEI-016/CAM-02,2021,8,41
DEI-016/CAM-02,2021,9,63
DEI-016/CAM-02,2021,10,86
DEI-016/CAM-02,2021,11,69
DEI-016/CAM-02,2021,12,61
DEI-016/CAM-02,2022,1,59
DEI-016/CAM-02,2022,2,77
DEI-016/CAM-02,2022,3,76
DEI-016/CAM-02,2022,4,84
DEI-016/CAM-02,2022,5,86
DEI-016/CAM-02,2022,6,89
DEI-016/CAM-02,2022,7,84
DEI-016/CAM-02,2022,8,68
DEI-016/CAM-02,2022,9,59
DEI-016/CAM-02,2022,10,38
DEI-016/CAM-02,2022,11,43
DEI-016/CAM-02,2022,12,41
DEI-016/CAM-03,2019,1,21
DEI-016/CAM-03,2019,2,26
DEI-016/CAM-03,2019,3,35
DEI-016/CAM-03,2019,4,17
DEI-016/CAM-03,2019,5,30
DEI-016/CAM-03,2019,6,27
DEI-016/CAM-03,2019,7,34
DEI-016/CAM-03,2019,8,38
DEI-016/CAM-03,2019,9,24
DEI-016/CAM-03,2019,10,34
DEI-016/CAM-03,2019,11,25
DEI-016/CAM-03,2019,12,30
DEI-016/CAM-03,2020,1,30
DEI-016/CAM-03,2020,2,32
DEI-016/CAM-03,2020,3,20
DEI-016/CAM-03,2020,5,7
DEI-016/CAM-03,2020,6,10
DEI-016/CAM-03,2020,7,12
DEI-016/CAM-03,2020,8,13
DEI-016/CAM-03,2020,9,29
DEI-016/CAM-03,2020,10,17
DEI-016/CAM-03,2020,11,23
DEI-016/CAM-03,2020,12,21
DEI-016/CAM-03,2021,1,29
DEI-016/CAM-03,2021,2,25
DEI-016/CAM-03,2021,3,50
DEI-016/CAM-03,2021,4,29
DEI-016/CAM-03,2021,5,31
DEI-016/CAM-03,2021,6,32
DEI-016/CAM-03,2021,7,45
DEI-016/CAM-03,2021,8,39
DEI-016/CAM-03,2021,9,43
DEI-016/CAM-03,2021,10,51
DEI-016/CAM-03,2021,11,51
DEI-016/CAM-03,2021,12,45
DEI-016/CAM-03,2022,1,52
DEI-016/CAM-03,2022,2,54
DEI-016/CAM-03,2022,3,55
DEI-016/CAM-03,2022,4,58
DEI-016/CAM-03,2022,5,65
DEI-016/CAM-03,2022,6,72
DEI-016/CAM-03,2022,7,65
DEI-016/CAM-03,2022,8,49
DEI-016/CAM-03,2022,9,33
DEI-016/CAM-03,2022,10,28
DEI-016/CAM-03,2022,11,29
DEI-016/CAM-03,2022,12,36
DEI-017/CAM-01,2019,1,9
DEI-017/CAM-01,2019,2,7
DEI-017/CAM-01,2019,3,16
DEI-017/CAM-01,2019,4,15
DEI-017/CAM-01,2019,5,13
DEI-017/CAM-01,2019,6,14
DEI-017/CAM-01,2019,7,15
DEI-017/CAM-01,2019,8,20
DEI-017/CAM-01,2019,9,18
DEI-017/CAM-01,2019,10,14
DEI-017/CAM-01,2019,11,21
DEI-017/CAM-01,2019,12,15
DEI-017/CAM-01,2020,1,8
DEI-017/CAM-01,2020,2,10
DEI-017/CAM-01,2020,3,8
DEI-017/CAM-01,2020,4,2
DEI-017/CAM-01,2020,5,5
DEI-017/CAM-01,2020,6,8
DEI-017/CAM-01,2020,7,6
DEI-017/CAM-01,2020,8,5
DEI-017/CAM-01,2020,9,9
DEI-017/CAM-01,2020,10,15
DEI-017/CAM-01,2020,11,7
DEI-017/CAM-01,2020,12,9
DEI-017/CAM-01,2021,1,9
DEI-017/CAM-01,2021,2,7
DEI-017/CAM-01,2021,3,20
DEI-017/CAM-01,2021,4,13
DEI-017/CAM-01,2021,5,7
DEI-017/CAM-01,2021,6,6
DEI-017/CAM-01,2021,7,14
DEI-017/CAM-01,2021,8,21
DEI-017/CAM-01,2021,9,21
DEI-017/CAM-01,2021,10,16
DEI-017/CAM-01,2021,11,11
DEI-017/CAM-01,2021,12,14
DEI-017/CAM-01,2022,1,17
DEI-017/CAM-01,2022,2,20
DEI-017/CAM-01,2022,3,25
DEI-017/CAM-01,2022,4,18
DEI-017/CAM-01,2022,5,22
DEI-017/CAM-01,2022,6,18
DEI-017/CAM-01,2022,7,19
DEI-017/CAM-01,2022,8,7
DEI-017/CAM-01,2022,9,9
DEI-017/CAM-01,2022,10,5
DEI-017/CAM-01,2022,11,6
DEI-017/CAM-01,2022,12,5
DEI-017/CAM-02,2019,1,9
DEI-017/CAM-02,2019,2,7
DEI-017/CAM-02,2019,3,16
DEI-017/CAM-02,2019,4,15
DEI-017/CAM-02,2019,5,13
DEI-017/CAM-02,2019,6,14
DEI-017/CAM-02,2019,7,15
DEI-017/CAM-02,2019,8,20
DEI-017/CAM-02,2019,9,18
DEI-017/CAM-02,2019,10,14
DEI-017/CAM-02,2019,11,21
DEI-017/CAM-02,2019,12,15
DEI-017/CAM-02,2020,1,8
DEI-017/CAM-02,2020,2,10
DEI-017/CAM-02,2020,3,8
DEI-017/CAM-02,2020,4,2
DEI-017/CAM-02,2020,5,5
DEI-017/CAM-02,2020,6,8
DEI-017/CAM-02,2020,7,6
DEI-017/CAM-02,2020,8,5
DEI-017/CAM-02,2020,9,9
DEI-017/CAM-02,2020,10,15
DEI-017/CAM-02,2020,11,7
DEI-017/CAM-02,2020,12,9
DEI-017/CAM-02,2021,1,9
DEI-017/CAM-02,2021,2,7
DEI-017/CAM-02,2021,3,20
DEI-017/CAM-02,2021,4,13
DEI-017/CAM-02,2021,5,7
DEI-017/CAM-02,2021,6,6
DEI-017/CAM-02,2021,7,14
DEI-017/CAM-02,2021,8,21
DEI-017/CAM-02,2021,9,21
DEI-017/CAM-02,2021,10,16
DEI-017/CAM-02,2021,11,11
DEI-017/CAM-02,2021,12,14
DEI-017/CAM-02,2022,1,17
DEI-017/CAM-02,2022,2,20
DEI-017/CAM-02,2022,3,25
DEI-017/CAM-02,2022,4,18
DEI-017/CAM-02,2022,5,22
DEI-017/CAM-02,2022,6,18
DEI-017/CAM-02,2022,7,19
DEI-017/CAM-02,2022,8,7
DEI-017/CAM-02,2022,9,9
DEI-017/CAM-02,2022,10,5
DEI-017/CAM-02,2022,11,6
DEI-017/CAM-02,2022,12,5
DEI-017/CAM-03,2019,1,19
DEI-017/CAM-03,2019,2,23
DEI-017/CAM-03,2019,3,24
DEI-017/CAM-03,2019,4,23
DEI-017/CAM-03,2019,5,26
DEI-017/CAM-03,2019,6,16
DEI-017/CAM-03,2019,7,33
DEI-017/CAM-03,2019,8,28
DEI-017/CAM-03,2019,9,33
DEI-017/CAM-03,2019,10,27
DEI-017/CAM-03,2019,11,31
DEI-017/CAM-03,2019,12,14
DEI-017/CAM-03,2020,1,18
DEI-017/CAM-03,2020,2,17
DEI-017/CAM-03,2020,3,12
DEI-017/CAM-03,2020,4,3
DEI-017/CAM-03,2020,5,8
DEI-017/CAM-03,2020,6,7
DEI-017/CAM-03,2020,7,3
DEI-017/CAM-03,2020,8,9
DEI-017/CAM-03,2020,9,13
DEI-017/CAM-03,2020,10,5
DEI-017/CAM-03,2020,11,7
DEI-017/CAM-03,2020,12,10
DEI-017/CAM-03,2021,1,7
DEI-017/CAM-03,2021,2,17
DEI-017/CAM-03,2021,3,14
DEI-017/CAM-03,2021,4,18
DEI-017/CAM-03,2021,5,16
DEI-017/CAM-03,2021,6,18
DEI-017/CAM-03,2021,7,8
DEI-017/CAM-03,2021,8,14
DEI-017/CAM-03,2021,9,25
DEI-017/CAM-03,2021,10,22
DEI-017/CAM-03,2021,11,19
DEI-017/CAM-03,2021,12,19
DEI-017/CAM-03,2022,1,17
DEI-017/CAM-03,2022,2,17
DEI-017/CAM-03,2022,3,25
DEI-017/CAM-03,2022,4,20
DEI-017/CAM-03,2022,5,26
DEI-017/CAM-03,2022,6,27
DEI-017/CAM-03,2022,7,20
DEI-017/CAM-03,2022,8,30
DEI-017/CAM-03,2022,9,25
DEI-017/CAM-03,2022,10,7
DEI-017/CAM-03,2022,11,14
DEI-017/CAM-03,2022,12,6
DEI-017/CAM-04,2019,1,19
DEI-017/CAM-04,2019,2,23
DEI-017/CAM-04,2019,3,24
DEI-017/CAM-04,2019,4,23
DEI-017/CAM-04,2019,5,26
DEI-017/CAM-04,2019,6,16
DEI-017/CAM-04,2019,7,33
DEI-017/CAM-04,2019,8,28
DEI-017/CAM-04,2019,9,33
DEI-017/CAM-04,2019,10,27
DEI-017/CAM-04,2019,11,31
DEI-017/CAM-04,2019,12,14
DEI-017/CAM-04,2020,1,18
DEI-017/CAM-04,2020,2,17
DEI-017/CAM-04,2020,3,12
DEI-017/CAM-04,2020,4,3
DEI-017/CAM-04,2020,5,8
DEI-017/CAM-04,2020,6,7
DEI-017/CAM-04,2020,7,3
DEI-017/CAM-04,2020,8,9
DEI-017/CAM-04,2020,9,13
DEI-017/CAM-04,2020,10,5
DEI-017/CAM-04,2020,11,7
DEI-017/CAM-04,2020,12,10
DEI-017/CAM-04,2021,1,7
DEI-017/CAM-04,2021,2,17
DEI-017/CAM-04,2021,3,14
DEI-017/CAM-04,2021,4,18
DEI-017/CAM-04,2021,5,16
DEI-017/CAM-04,2021,6,18
DEI-017/CAM-04,2021,7,8
DEI-017/CAM-04,2021,8,14
DEI-017/CAM-04,2021,9,25
DEI-017/CAM-04,2021,10,22
DEI-017/CAM-04,2021,11,19
DEI-017/CAM-04,2021,12,19
DEI-017/CAM-04,2022,1,17
DEI-017/CAM-04,2022,2,17
DEI-017/CAM-04,2022,3,25
DEI-017/CAM-04,2022,4,20
DEI-017/CAM-04,2022,5,26
DEI-017/CAM-04,2022,6,27
DEI-017/CAM-04,2022,7,20
DEI-017/CAM-04,2022,8,30
DEI-017/CAM-04,2022,9,25
DEI-017/CAM-04,2022,10,7
DEI-017/CAM-04,2022,11,14
DEI-017/CAM-04,2022,12,6
DEI-018/CAM-01,2019,1,10
DEI-018/CAM-01,2019,2,1
DEI-018/CAM-01,2019,3,7
DEI-018/CAM-01,2019,4,7
DEI-018/CAM-01,2019,5,5
DEI-018/CAM-01,2019,6,12
DEI-018/CAM-01,2019,7,2
DEI-018/CAM-01,2019,8,5
DEI-018/CAM-01,2019,9,9
DEI-018/CAM-01,2019,10,10
DEI-018/CAM-01,2019,11,6
DEI-018/CAM-01,2019,12,4
DEI-018/CAM-01,2020,1,4
DEI-018/CAM-01,2020,2,6
DEI-018/CAM-01,2020,3,3
DEI-018/CAM-01,2020,4,1
DEI-018/CAM-01,2020,5,2
DEI-018/CAM-01,2020,6,4
DEI-018/CAM-01,2020,7,1
DEI-018/CAM-01,2020,8,4
DEI-018/CAM-01,2020,9,9
DEI-018/CAM-01,2020,10,5
DEI-018/CAM-01,2020,11,7
DEI-018/CAM-01,2020,12,6
DEI-018/CAM-01,2021,1,5
DEI-018/CAM-01,2021,2,2
DEI-018/CAM-01,2021,3,10
DEI-018/CAM-01,2021,4,4
DEI-018/CAM-01,2021,5,2
DEI-018/CAM-01,2021,6,11
DEI-018/CAM-01,2021,7,8
DEI-018/CAM-01,2021,8,7
DEI-018/CAM-01,2021,9,7
DEI-018/CAM-01,2021,10,10
DEI-018/CAM-01,2021,11,9
DEI-018/CAM-01,2021,12,7
DEI-018/CAM-01,2022,1,3
DEI-018/CAM-01,2022,2,12
DEI-018/CAM-01,2022,3,9
DEI-018/CAM-01,2022,4,13
DEI-018/CAM-01,2022,5,7
DEI-018/CAM-01,2022,6,11
DEI-018/CAM-01,2022,7,9
DEI-018/CAM-01,2022,8,7
DEI-018/CAM-01,2022,9,9
DEI-018/CAM-01,2022,10,11
DEI-018/CAM-01,2022,11,7
DEI-018/CAM-01,2022,12,6
DEI-018/CAM-02,2019,1,10
DEI-018/CAM-02,2019,2,1
DEI-018/CAM-02,2019,3,7
DEI-018/CAM-02,2019,4,7
DEI-018/CAM-02,2019,5,5
DEI-018/CAM-02,2019,6,12
DEI-018/CAM-02,2019,7,2
DEI-018/CAM-02,2019,8,5
DEI-018/CAM-02,2019,9,9
DEI-018/CAM-02,2019,10,10
DEI-018/CAM-02,2019,11,6
DEI-018/CAM-02,2019,12,4
DEI-018/CAM-02,2020,1,4
DEI-018/CAM-02,2020,2,6
DEI-018/CAM-02,2020,3,3
DEI-018/CAM-02,2020,4,1
DEI-018/CAM-02,2020,5,2
DEI-018/CAM-02,2020,6,4
DEI-018/CAM-02,2020,7,1
DEI-018/CAM-02,2020,8,4
DEI-018/CAM-02,2020,9,9
DEI-018/CAM-02,2020,10,5
DEI-018/CAM-02,2020,11,7
DEI-018/CAM-02,2020,12,6
DEI-018/CAM-02,2021,1,5
DEI-018/CAM-02,2021,2,2
DEI-018/CAM-02,2021,3,10
DEI-018/CAM-02,2021,4,4
DEI-018/CAM-02,2021,5,2
DEI-018/CAM-02,2021,6,11
DEI-018/CAM-02,2021,7,8
DEI-018/CAM-02,2021,8,7
DEI-018/CAM-02,2021,9,7
DEI-018/CAM-02,2021,10,10
DEI-018/CAM-02,2021,11,9
DEI-018/CAM-02,2021,12,7
DEI-018/CAM-02,2022,1,3
DEI-018/CAM-02,2022,2,12
DEI-018/CAM-02,2022,3,9
DEI-018/CAM-02,2022,4,13
DEI-018/CAM-02,2022,5,7
DEI-018/CAM-02,2022,6,11
DEI-018/CAM-02,2022,7,9
DEI-018/CAM-02,2022,8,7
DEI-018/CAM-02,2022,9,9
DEI-018/CAM-02,2022,10,11
DEI-018/CAM-02,2022,11,7
DEI-018/CAM-02,2022,12,6
DEI-019/CAM-01,2019,1,21
DEI-019/CAM-01,2019,2,26
DEI-019/CAM-01,2019,3,35
DEI-019/CAM-01,2019,4,17
DEI-019/CAM-01,2019,5,30
DEI-019/CAM-01,2019,6,27
DEI-019/CAM-01,2019,7,34
DEI-019/CAM-01,2019,8,38
DEI-019/CAM-01,2019,9,24
DEI-019/CAM-01,2019,10,34
DEI-019/CAM-01,2019,11,25
DEI-019/CAM-01,2019,12,30
DEI-019/CAM-01,2020,1,30
DEI-019/CAM-01,2020,2,32
DEI-019/CAM-01,2020,3,20
DEI-019/CAM-01,2020,5,7
DEI-019/CAM-01,2020,6,10
DEI-019/CAM-01,2020,7,12
DEI-019/CAM-01,2020,8,13
DEI-019/CAM-01,2020,9,29
DEI-019/CAM-01,2020,10,17
DEI-019/CAM-01,2020,11,23
DEI-019/CAM-01,2020,12,21
DEI-019/CAM-01,2021,1,29
DEI-019/CAM-01,2021,2,25
DEI-019/CAM-01,2021,3,50
DEI-019/CAM-01,2021,4,29
DEI-019/CAM-01,2021,5,31
DEI-019/CAM-01,2021,6,32
DEI-019/CAM-01,2021,7,45
DEI-019/CAM-01,2021,8,39
DEI-019/CAM-01,2021,9,43
DEI-019/CAM-01,2021,10,51
DEI-019/CAM-01,2021,11,51
DEI-019/CAM-01,2021,12,45
DEI-019/CAM-01,2022,1,52
DEI-019/CAM-01,2022,2,54
DEI-019/CAM-01,2022,3,55
DEI-019/CAM-01,2022,4,58
DEI-019/CAM-01,2022,5,65
DEI-019/CAM-01,2022,6,72
DEI-019/CAM-01,2022,7,65
DEI-019/CAM-01,2022,8,49
DEI-019/CAM-01,2022,9,33
DEI-019/CAM-01,2022,10,28
DEI-019/CAM-01,2022,11,29
DEI-019/CAM-01,2022,12,36
DEI-019/CAM-02,2019,1,39
DEI-019/CAM-02,2019,2,49
DEI-019/CAM-02,2019,3,60
DEI-019/CAM-02,2019,4,51
DEI-019/CAM-02,2019,5,61
DEI-019/CAM-02,2019,6,47
DEI-019/CAM-02,2019,7,66
DEI-019/CAM-02,2019,8,67
DEI-019/CAM-02,2019,9,50
DEI-019/CAM-02,2019,10,53
DEI-019/CAM-02,2019,11,44
DEI-019/CAM-02,2019,12,48
DEI-019/CAM-02,2020,1,39
DEI-019/CAM-02,2020,2,43
DEI-019/CAM-02,2020,3,33
DEI-019/CAM-02,2020,4,13
DEI-019/CAM-02,2020,5,13
DEI-019/CAM-02,2020,6,21
DEI-019/CAM-02,2020,7,28
DEI-019/CAM-02,2020,8,31
DEI-019/CAM-02,2020,9,37
DEI-019/CAM-02,2020,10,34
DEI-019/CAM-02,2020,11,39
DEI-019/CAM-02,2020,12,38
DEI-019/CAM-02,2021,1,35
DEI-019/CAM-02,2021,2,51
DEI-019/CAM-02,2021,3,66
DEI-019/CAM-02,2021,4,41
DEI-019/CAM-02,2021,5,43
DEI-019/CAM-02,2021,6,54
DEI-019/CAM-02,2021,7,54
DEI-019/CAM-02,2021,8,41
DEI-019/CAM-02,2021,9,63
DEI-019/CAM-02,2021,10,86
DEI-019/CAM-02,2021,11,69
DEI-019/CAM-02,2021,12,61
DEI-019/CAM-02,2022,1,59
DEI-019/CAM-02,2022,2,77
DEI-019/CAM-02,2022,3,76
DEI-019/CAM-02,2022,4,84
DEI-019/CAM-02,2022,5,86
DEI-019/CAM-02,2022,6,89
DEI-019/CAM-02,2022,7,84
DEI-019/CAM-02,2022,8,68
DEI-019/CAM-02,2022,9,59
DEI-019/CAM-02,2022,10,38
DEI-019/CAM-02,2022,11,43
DEI-019/CAM-02,2022,12,41
DEI-020/CAM-01,2019,1,53
DEI-020/CAM-01,2019,2,45
DEI-020/CAM-01,2019,3,69
DEI-020/CAM-01,2019,4,57
DEI-020/CAM-01,2019,5,56
DEI-020/CAM-01,2019,6,47
DEI-020/CAM-01,2019,7,56
DEI-020/CAM-01,2019,8,61
DEI-020/CAM-01,2019,9,56
DEI-020/CAM-01,2019,10,66
DEI-020/CAM-01,2019,11,52
DEI-020/CAM-01,2019,12,67
DEI-020/CAM-01,2020,1,36
DEI-020/CAM-01,2020,2,61
DEI-020/CAM-01,2020,3,47
DEI-020/CAM-01,2020,4,22
DEI-020/CAM-01,2020,5,27
DEI-020/CAM-01,2020,6,44
DEI-020/CAM-01,2020,7,39
DEI-020/CAM-01,2020,8,34
DEI-020/CAM-01,2020,9,54
DEI-020/CAM-01,2020,10,43
DEI-020/CAM-01,2020,11,47
DEI-020/CAM-01,2020,12,51
DEI-020/CAM-01,2021,1,71
DEI-020/CAM-01,2021,2,52
DEI-020/CAM-01,2021,3,78
DEI-020/CAM-01,2021,4,59
DEI-020/CAM-01,2021,5,56
DEI-020/CAM-01,2021,6,59
DEI-020/CAM-01,2021,7,57
DEI-020/CAM-01,2021,8,58
DEI-020/CAM-01,2021,9,64
DEI-020/CAM-01,2021,10,72
DEI-020/CAM-01,2021,11,79
DEI-020/CAM-01,2021,12,69
DEI-020/CAM-01,2022,1,59
DEI-020/CAM-01,2022,2,95
DEI-020/CAM-01,2022,3,82
DEI-020/CAM-01,2022,4,78
DEI-020/CAM-01,2022,5,76
DEI-020/CAM-01,2022,6,89
DEI-020/CAM-01,2022,7,96
DEI-020/CAM-01,2022,8,70
DEI-020/CAM-01,2022,9,58
DEI-020/CAM-01,2022,10,46
DEI-020/CAM-01,2022,11,41
DEI-020/CAM-01,2022,12,50
DEI-020/CAM-02,2019,1,53
DEI-020/CAM-02,2019,2,45
DEI-020/CAM-02,2019,3,69
DEI-020/CAM-02,2019,4,57
DEI-020/CAM-02,2019,5,56
DEI-020/CAM-02,2019,6,47
DEI-020/CAM-02,2019,7,56
DEI-020/CAM-02,2019,8,61
DEI-020/CAM-02,2019,9,56
DEI-020/CAM-02,2019,10,66
DEI-020/CAM-02,2019,11,52
DEI-020/CAM-02,2019,12,67
DEI-020/CAM-02,2020,1,36
DEI-020/CAM-02,2020,2,61
DEI-020/CAM-02,2020,3,47
DEI-020/CAM-02,2020,4,22
DEI-020/CAM-02,2020,5,27
DEI-020/CAM-02,2020,6,44
DEI-020/CAM-02,2020,7,39
DEI-020/CAM-02,2020,8,34
DEI-020/CAM-02,2020,9,54
DEI-020/CAM-02,2020,10,43
DEI-020/CAM-02,2020,11,47
DEI-020/CAM-02,2020,12,51
DEI-020/CAM-02,2021,1,71
DEI-020/CAM-02,2021,2,52
DEI-020/CAM-02,2021,3,78
DEI-020/CAM-02,2021,4,59
DEI-020/CAM-02,2021,5,56
DEI-020/CAM-02,2021,6,59
DEI-020/CAM-02,2021,7,57
DEI-020/CAM-02,2021,8,58
DEI-020/CAM-02,2021,9,64
DEI-020/CAM-02,2021,10,72
DEI-020/CAM-02,2021,11,79
DEI-020/CAM-02,2021,12,69
DEI-020/CAM-02,2022,1,59
DEI-020/CAM-02,2022,2,95
DEI-020/CAM-02,2022,3,82
DEI-020/CAM-02,2022,4,78
DEI-020/CAM-02,2022,5,76
DEI-020/CAM-02,2022,6,89
DEI-020/CAM-02,2022,7,96
DEI-020/CAM-02,2022,8,70
DEI-020/CAM-02,2022,9,58
DEI-020/CAM-02,2022,10,46
DEI-020/CAM-02,2022,11,41
DEI-020/CAM-02,2022,12,50
DEI-021/CAM-01,2019,1,31
DEI-021/CAM-01,2019,2,20
DEI-021/CAM-01,2019,3,32
DEI-021/CAM-01,2019,4,21
DEI-021/CAM-01,2019,5,35
DEI-021/CAM-01,2019,6,27
DEI-021/CAM-01,2019,7,33
DEI-021/CAM-01,2019,8,30
DEI-021/CAM-01,2019,9,31
DEI-021/CAM-01,2019,10,24
DEI-021/CAM-01,2019,11,30
DEI-021/CAM-01,2019,12,23
DEI-021/CAM-01,2020,1,19
DEI-021/CAM-01,2020,2,17
DEI-021/CAM-01,2020,3,13
DEI-021/CAM-01,2020,4,5
DEI-021/CAM-01,2020,5,11
DEI-021/CAM-01,2020,6,10
DEI-021/CAM-01,2020,7,18
DEI-021/CAM-01,2020,8,25
DEI-021/CAM-01,2020,9,18
DEI-021/CAM-01,2020,10,24
DEI-021/CAM-01,2020,11,22
DEI-021/CAM-01,2020,12,28
DEI-021/CAM-01,2021,1,13
DEI-021/CAM-01,2021,2,18
DEI-021/CAM-01,2021,3,24
DEI-021/CAM-01,2021,4,21
DEI-021/CAM-01,2021,5,24
DEI-021/CAM-01,2021,6,23
DEI-021/CAM-01,2021,7,24
DEI-021/CAM-01,2021,8,25
DEI-021/CAM-01,2021,9,27
DEI-021/CAM-01,2021,10,28
DEI-021/CAM-01,2021,11,25
DEI-021/CAM-01,2021,12,15
DEI-021/CAM-01,2022,1,38
DEI-021/CAM-01,2022,2,54
DEI-021/CAM-01,2022,3,40
DEI-021/CAM-01,2022,4,37
DEI-021/CAM-01,2022,5,36
DEI-021/CAM-01,2022,6,56
DEI-021/CAM-01,2022,7,24
DEI-021/CAM-01,2022,8,38
DEI-021/CAM-01,2022,9,36
DEI-021/CAM-01,2022,10,29
DEI-021/CAM-01,2022,11,30
DEI-021/CAM-01,2022,12,39
DEI-021/CAM-02,2019,1,31
DEI-021/CAM-02,2019,2,20
DEI-021/CAM-02,2019,3,32
DEI-021/CAM-02,2019,4,21
DEI-021/CAM-02,2019,5,35
DEI-021/CAM-02,2019,6,27
DEI-021/CAM-02,2019,7,33
DEI-021/CAM-02,2019,8,30
DEI-021/CAM-02,2019,9,31
DEI-021/CAM-02,2019,10,24
DEI-021/CAM-02,2019,11,30
DEI-021/CAM-02,2019,12,23
DEI-021/CAM-02,2020,1,19
DEI-021/CAM-02,2020,2,17
DEI-021/CAM-02,2020,3,13
DEI-021/CAM-02,2020,4,5
DEI-021/CAM-02,2020,5,11
DEI-021/CAM-02,2020,6,10
DEI-021/CAM-02,2020,7,18
DEI-021/CAM-02,2020,8,25
DEI-021/CAM-02,2020,9,18
DEI-021/CAM-02,2020,10,24
DEI-021/CAM-02,2020,11,22
DEI-021/CAM-02,2020,12,28
DEI-021/CAM-02,2021,1,13
DEI-021/CAM-02,2021,2,18
DEI-021/CAM-02,2021,3,24
DEI-021/CAM-02,2021,4,21
DEI-021/CAM-02,2021,5,24
DEI-021/CAM-02,2021,6,23
DEI-021/CAM-02,2021,7,24
DEI-021/CAM-02,2021,8,25
DEI-021/CAM-02,2021,9,27
DEI-021/CAM-02,2021,10,28
DEI-021/CAM-02,2021,11,25
DEI-021/CAM-02,2021,12,15
DEI-021/CAM-02,2022,1,38
DEI-021/CAM-02,2022,2,54
DEI-021/CAM-02,2022,3,40
DEI-021/CAM-02,2022,4,37
DEI-021/CAM-02,2022,5,36
DEI-021/CAM-02,2022,6,56
DEI-021/CAM-02,2022,7,24
DEI-021/CAM-02,2022,8,38
DEI-021/CAM-02,2022,9,36
DEI-021/CAM-02,2022,10,29
DEI-021/CAM-02,2022,11,30
DEI-021/CAM-02,2022,12,39
DEI-022/CAM-01,2019,1,28
DEI-022/CAM-01,2019,2,30
DEI-022/CAM-01,2019,3,40
DEI-022/CAM-01,2019,4,38
DEI-022/CAM-01,2019,5,39
DEI-022/CAM-01,2019,6,30
DEI-022/CAM-01,2019,7,48
DEI-022/CAM-01,2019,8,48
DEI-022/CAM-01,2019,9,51
DEI-022/CAM-01,2019,10,41
DEI-022/CAM-01,2019,11,52
DEI-022/CAM-01,2019,12,29
DEI-022/CAM-01,2020,1,26
DEI-022/CAM-01,2020,2,27
DEI-022/CAM-01,2020,3,20
DEI-022/CAM-01,2020,4,5
DEI-022/CAM-01,2020,5,13
DEI-022/CAM-01,2020,6,15
DEI-022/CAM-01,2020,7,9
DEI-022/CAM-01,2020,8,14
DEI-022/CAM-01,2020,9,22
DEI-022/CAM-01,2020,10,20
DEI-022/CAM-01,2020,11,14
DEI-022/CAM-01,2020,12,19
DEI-022/CAM-01,2021,1,16
DEI-022/CAM-01,2021,2,24
DEI-022/CAM-01,2021,3,34
DEI-022/CAM-01,2021,4,31
DEI-022/CAM-01,2021,5,23
DEI-022/CAM-01,2021,6,24
DEI-022/CAM-01,2021,7,22
DEI-022/CAM-01,2021,8,35
DEI-022/CAM-01,2021,9,46
DEI-022/CAM-01,2021,10,38
DEI-022/CAM-01,2021,11,30
DEI-022/CAM-01,2021,12,33
DEI-022/CAM-01,2022,1,34
DEI-022/CAM-01,2022,2,37
DEI-022/CAM-01,2022,3,50
DEI-022/CAM-01,2022,4,38
DEI-022/CAM-01,2022,5,48
DEI-022/CAM-01,2022,6,45
DEI-022/CAM-01,2022,7,39
DEI-022/CAM-01,2022,8,37
DEI-022/CAM-01,2022,9,34
DEI-022/CAM-01,2022,10,12
DEI-022/CAM-01,2022,11,20
DEI-022/CAM-01,2022,12,11
DEI-022/CAM-02,2019,1,28
DEI-022/CAM-02,2019,2,30
DEI-022/CAM-02,2019,3,40
DEI-022/CAM-02,2019,4,38
DEI-022/CAM-02,2019,5,39
DEI-022/CAM-02,2019,6,30
DEI-022/CAM-02,2019,7,48
DEI-022/CAM-02,2019,8,48
DEI-022/CAM-02,2019,9,51
DEI-022/CAM-02,2019,10,41
DEI-022/CAM-02,2019,11,52
DEI-022/CAM-02,2019,12,29
DEI-022/CAM-02,2020,1,26
DEI-022/CAM-02,2020,2,27
DEI-022/CAM-02,2020,3,20
DEI-022/CAM-02,2020,4,5
DEI-022/CAM-02,2020,5,13
DEI-022/CAM-02,2020,6,15
DEI-022/CAM-02,2020,7,9
DEI-022/CAM-02,2020,8,14
DEI-022/CAM-02,2020,9,22
DEI-022/CAM-02,2020,10,20
DEI-022/CAM-02,2020,11,14
DEI-022/CAM-02,2020,12,19
DEI-022/CAM-02,2021,1,16
DEI-022/CAM-02,2021,2,24
DEI-022/CAM-02,2021,3,34
DEI-022/CAM-02,2021,4,31
DEI-022/CAM-02,2021,5,23
DEI-022/CAM-02,2021,6,24
DEI-022/CAM-02,2021,7,22
DEI-022/CAM-02,2021,8,35
DEI-022/CAM-02,2021,9,46
DEI-022/CAM-02,2021,10,38
DEI-022/CAM-02,2021,11,30
DEI-022/CAM-02,2021,12,33
DEI-022/CAM-02,2022,1,34
DEI-022/CAM-02,2022,2,37
DEI-022/CAM-02,2022,3,50
DEI-022/CAM-02,2022,4,38
DEI-022/CAM-02,2022,5,48
DEI-022/CAM-02,2022,6,45
DEI-022/CAM-02,2022,7,39
DEI-022/CAM-02,2022,8,37
DEI-022/CAM-02,2022,9,34
DEI-022/CAM-02,2022,10,12
DEI-022/CAM-02,2022,11,20
DEI-022/CAM-02,2022,12,11
DEI-022/CAM-03,2019,1,19
DEI-022/CAM-03,2019,2,23
DEI-022/CAM-03,2019,3,24
DEI-022/CAM-03,2019,4,23
DEI-022/CAM-03,2019,5,26
DEI-022/CAM-03,2019,6,16
DEI-022/CAM-03,2019,7,33
DEI-022/CAM-03,2019,8,28
DEI-022/CAM-03,2019,9,33
DEI-022/CAM-03,2019,10,27
DEI-022/CAM-03,2019,11,31
DEI-022/CAM-03,2019,12,14
DEI-022/CAM-03,2020,1,18
DEI-022/CAM-03,2020,2,17
DEI-022/CAM-03,2020,3,12
DEI-022/CAM-03,2020,4,3
DEI-022/CAM-03,2020,5,8
DEI-022/CAM-03,2020,6,7
DEI-022/CAM-03,2020,7,3
DEI-022/CAM-03,2020,8,9
DEI-022/CAM-03,2020,9,13
DEI-022/CAM-03,2020,10,5
DEI-022/CAM-03,2020,11,7
DEI-022/CAM-03,2020,12,10
DEI-022/CAM-03,2021,1,7
DEI-022/CAM-03,2021,2,17
DEI-022/CAM-03,2021,3,14
DEI-022/CAM-03,2021,4,18
DEI-022/CAM-03,2021,5,16
DEI-022/CAM-03,2021,6,18
DEI-022/CAM-03,2021,7,8
DEI-022/CAM-03,2021,8,14
DEI-022/CAM-03,2021,9,25
DEI-022/CAM-03,2021,10,22
DEI-022/CAM-03,2021,11,19
DEI-022/CAM-03,2021,12,19
DEI-022/CAM-03,2022,1,17
DEI-022/CAM-03,2022,2,17
DEI-022/CAM-03,2022,3,25
DEI-022/CAM-03,2022,4,20
DEI-022/CAM-03,2022,5,26
DEI-022/CAM-03,2022,6,27
DEI-022/CAM-03,2022,7,20
DEI-022/CAM-03,2022,8,30
DEI-022/CAM-03,2022,9,25
DEI-022/CAM-03,2022,10,7
DEI-022/CAM-03,2022,11,14
DEI-022/CAM-03,2022,12,6
DEI-022/CAM-04,2019,1,19
DEI-022/CAM-04,2019,2,23
DEI-022/CAM-04,2019,3,24
DEI-022/CAM-04,2019,4,23
DEI-022/CAM-04,2019,5,26
DEI-022/CAM-04,2019,6,16
DEI-022/CAM-04,2019,7,33
DEI-022/CAM-04,2019,8,28
DEI-022/CAM-04,2019,9,33
DEI-022/CAM-04,2019,10,27
DEI-022/CAM-04,2019,11,31
DEI-022/CAM-04,2019,12,14
DEI-022/CAM-04,2020,1,18
DEI-022/CAM-04,2020,2,17
DEI-022/CAM-04,2020,3,12
DEI-022/CAM-04,2020,4,3
DEI-022/CAM-04,2020,5,8
DEI-022/CAM-04,2020,6,7
DEI-022/CAM-04,2020,7,3
DEI-022/CAM-04,2020,8,9
DEI-022/CAM-04,2020,9,13
DEI-022/CAM-04,2020,10,5
DEI-022/CAM-04,2020,11,7
DEI-022/CAM-04,2020,12,10
DEI-022/CAM-04,2021,1,7
DEI-022/CAM-04,2021,2,17
DEI-022/CAM-04,2021,3,14
DEI-022/CAM-04,2021,4,18
DEI-022/CAM-04,2021,5,16
DEI-022/CAM-04,2021,6,18
DEI-022/CAM-04,2021,7,8
DEI-022/CAM-04,2021,8,14
DEI-022/CAM-04,2021,9,25
DEI-022/CAM-04,2021,10,22
DEI-022/CAM-04,2021,11,19
DEI-022/CAM-04,2021,12,19
DEI-022/CAM-04,2022,1,17
DEI-022/CAM-04,2022,2,17
DEI-022/CAM-04,2022,3,25
DEI-022/CAM-04,2022,4,20
DEI-022/CAM-04,2022,5,26
DEI-022/CAM-04,2022,6,27
DEI-022/CAM-04,2022,7,20
DEI-022/CAM-04,2022,8,30
DEI-022/CAM-04,2022,9,25
DEI-022/CAM-04,2022,10,7
DEI-022/CAM-04,2022,11,14
DEI-022/CAM-04,2022,12,6
DEI-023/CAM-01,2019,1,142
DEI-023/CAM-01,2019,2,131
DEI-023/CAM-01,2019,3,145
DEI-023/CAM-01,2019,4,151
DEI-023/CAM-01,2019,5,165
DEI-023/CAM-01,2019,6,133
DEI-023/CAM-01,2019,7,133
DEI-023/CAM-01,2019,8,122
DEI-023/CAM-01,2019,9,144
DEI-023/CAM-01,2019,10,132
DEI-023/CAM-01,2019,11,116
DEI-023/CAM-01,2019,12,155
DEI-023/CAM-01,2020,1,103
DEI-023/CAM-01,2020,2,116
DEI-023/CAM-01,2020,3,80
DEI-023/CAM-01,2020,4,27
DEI-023/CAM-01,2020,5,42
DEI-023/CAM-01,2020,6,76
DEI-023/CAM-01,2020,7,90
DEI-023/CAM-01,2020,8,80
DEI-023/CAM-01,2020,9,79
DEI-023/CAM-01,2020,10,110
DEI-023/CAM-01,2020,11,110
DEI-023/CAM-01,2020,12,103
DEI-023/CAM-01,2021,1,70
DEI-023/CAM-01,2021,2,80
DEI-023/CAM-01,2021,3,122
DEI-023/CAM-01,2021,4,91
DEI-023/CAM-01,2021,5,82
DEI-023/CAM-01,2021,6,123
DEI-023/CAM-01,2021,7,98
DEI-023/CAM-01,2021,8,93
DEI-023/CAM-01,2021,9,111
DEI-023/CAM-01,2021,10,127
DEI-023/CAM-01,2021,11,123
DEI-023/CAM-01,2021,12,107
DEI-023/CAM-01,2022,1,130
DEI-023/CAM-01,2022,2,139
DEI-023/CAM-01,2022,3,146
DEI-023/CAM-01,2022,4,131
DEI-023/CAM-01,2022,5,135
DEI-023/CAM-01,2022,6,138
DEI-023/CAM-01,2022,7,137
DEI-023/CAM-01,2022,8,108
DEI-023/CAM-01,2022,9,136
DEI-023/CAM-01,2022,10,71
DEI-023/CAM-01,2022,11,61
DEI-023/CAM-01,2022,12,57
DEI-023/CAM-02,2019,1,142
DEI-023/CAM-02,2019,2,131
DEI-023/CAM-02,2019,3,145
DEI-023/CAM-02,2019,4,151
DEI-023/CAM-02,2019,5,165
DEI-023/CAM-02,2019,6,133
DEI-023/CAM-02,2019,7,133
DEI-023/CAM-02,2019,8,122
DEI-023/CAM-02,2019,9,144
DEI-023/CAM-02,2019,10,132
DEI-023/CAM-02,2019,11,116
DEI-023/CAM-02,2019,12,155
DEI-023/CAM-02,2020,1,103
DEI-023/CAM-02,2020,2,116
DEI-023/CAM-02,2020,3,80
DEI-023/CAM-02,2020,4,27
DEI-023/CAM-02,2020,5,42
DEI-023/CAM-02,2020,6,76
DEI-023/CAM-02,2020,7,90
DEI-023/CAM-02,2020,8,80
DEI-023/CAM-02,2020,9,79
DEI-023/CAM-02,2020,10,110
DEI-023/CAM-02,2020,11,110
DEI-023/CAM-02,2020,12,103
DEI-023/CAM-02,2021,1,70
DEI-023/CAM-02,2021,2,80
DEI-023/CAM-02,2021,3,122
DEI-023/CAM-02,2021,4,91
DEI-023/CAM-02,2021,5,82
DEI-023/CAM-02,2021,6,123
DEI-023/CAM-02,2021,7,98
DEI-023/CAM-02,2021,8,93
DEI-023/CAM-02,2021,9,111
DEI-023/CAM-02,2021,10,127
DEI-023/CAM-02,2021,11,123
DEI-023/CAM-02,2021,12,107
DEI-023/CAM-02,2022,1,130
DEI-023/CAM-02,2022,2,139
DEI-023/CAM-02,2022,3,146
DEI-023/CAM-02,2022,4,131
DEI-023/CAM-02,2022,5,135
DEI-023/CAM-02,2022,6,138
DEI-023/CAM-02,2022,7,137
DEI-023/CAM-02,2022,8,108
DEI-023/CAM-02,2022,9,136
DEI-023/CAM-02,2022,10,71
DEI-023/CAM-02,2022,11,61
DEI-023/CAM-02,2022,12,57
DEI-024/CAM-01,2019,1,18
DEI-024/CAM-01,2019,2,35
DEI-024/CAM-01,2019,3,28
DEI-024/CAM-01,2019,4,23
DEI-024/CAM-01,2019,5,38
DEI-024/CAM-01,2019,6,21
DEI-024/CAM-01,2019,7,31
DEI-024/CAM-01,2019,8,39
DEI-024/CAM-01,2019,9,34
DEI-024/CAM-01,2019,10,23
DEI-024/CAM-01,2019,11,27
DEI-024/CAM-01,2019,12,42
DEI-024/CAM-01,2020,1,24
DEI-024/CAM-01,2020,2,31
DEI-024/CAM-01,2020,3,18
DEI-024/CAM-01,2020,4,9
DEI-024/CAM-01,2020,5,12
DEI-024/CAM-01,2020,6,12
DEI-024/CAM-01,2020,7,18
DEI-024/CAM-01,2020,8,14
DEI-024/CAM-01,2020,9,23
DEI-024/CAM-01,2020,10,31
DEI-024/CAM-01,2020,11,27
DEI-024/CAM-01,2020,12,34
DEI-024/CAM-01,2021,1,17
DEI-024/CAM-01,2021,2,23
DEI-024/CAM-01,2021,3,28
DEI-024/CAM-01,2021,4,24
DEI-024/CAM-01,2021,5,15
DEI-024/CAM-01,2021,6,17
DEI-024/CAM-01,2021,7,19
DEI-024/CAM-01,2021,8,20
DEI-024/CAM-01,2021,9,21
DEI-024/CAM-01,2021,10,24
DEI-024/CAM-01,2021,11,22
DEI-024/CAM-01,2021,12,27
DEI-024/CAM-01,2022,1,13
DEI-024/CAM-01,2022,2,17
DEI-024/CAM-01,2022,3,27
DEI-024/CAM-01,2022,4,19
DEI-024/CAM-01,2022,5,18
DEI-024/CAM-01,2022,6,25
DEI-024/CAM-01,2022,7,33
DEI-024/CAM-01,2022,8,25
DEI-024/CAM-01,2022,9,15
DEI-024/CAM-01,2022,10,12
DEI-024/CAM-01,2022,11,20
DEI-024/CAM-01,2022,12,29
DEI-024/CAM-02,2019,1,18
DEI-024/CAM-02,2019,2,28
DEI-024/CAM-02,2019,3,30
DEI-024/CAM-02,2019,4,33
DEI-024/CAM-02,2019,5,37
DEI-024/CAM-02,2019,6,28
DEI-024/CAM-02,2019,7,29
DEI-024/CAM-02,2019,8,48
DEI-024/CAM-02,2019,9,31
DEI-024/CAM-02,2019,10,27
DEI-024/CAM-02,2019,11,26
DEI-024/CAM-02,2019,12,29
DEI-024/CAM-02,2020,1,23
DEI-024/CAM-02,2020,2,25
DEI-024/CAM-02,2020,3,19
DEI-024/CAM-02,2020,4,11
DEI-024/CAM-02,2020,5,14
DEI-024/CAM-02,2020,6,15
DEI-024/CAM-02,2020,7,16
DEI-024/CAM-02,2020,8,13
DEI-024/CAM-02,2020,9,21
DEI-024/CAM-02,2020,10,20
DEI-024/CAM-02,2020,11,31
DEI-024/CAM-02,2020,12,24
DEI-024/CAM-02,2021,1,15
DEI-024/CAM-02,2021,2,15
DEI-024/CAM-02,2021,3,26
DEI-024/CAM-02,2021,4,17
DEI-024/CAM-02,2021,5,15
DEI-024/CAM-02,2021,6,26
DEI-024/CAM-02,2021,7,22
DEI-024/CAM-02,2021,8,23
DEI-024/CAM-02,2021,9,23
DEI-024/CAM-02,2021,10,23
DEI-024/CAM-02,2021,11,27
DEI-024/CAM-02,2021,12,24
DEI-024/CAM-02,2022,1,18
DEI-024/CAM-02,2022,2,20
DEI-024/CAM-02,2022,3,41
DEI-024/CAM-02,2022,4,28
DEI-024/CAM-02,2022,5,21
DEI-024/CAM-02,2022,6,32
DEI-024/CAM-02,2022,7,25
DEI-024/CAM-02,2022,8,22
DEI-024/CAM-02,2022,9,29
DEI-024/CAM-02,2022,10,13
DEI-024/CAM-02,2022,11,17
DEI-024/CAM-02,2022,12,16
DEI-025/CAM-01,2019,1,9
DEI-025/CAM-01,2019,2,7
DEI-025/CAM-01,2019,3,16
DEI-025/CAM-01,2019,4,15
DEI-025/CAM-01,2019,5,13
DEI-025/CAM-01,2019,6,14
DEI-025/CAM-01,2019,7,15
DEI-025/CAM-01,2019,8,20
DEI-025/CAM-01,2019,9,18
DEI-025/CAM-01,2019,10,14
DEI-025/CAM-01,2019,11,21
DEI-025/CAM-01,2019,12,15
DEI-025/CAM-01,2020,1,8
DEI-025/CAM-01,2020,2,10
DEI-025/CAM-01,2020,3,8
DEI-025/CAM-01,2020,4,2
DEI-025/CAM-01,2020,5,5
DEI-025/CAM-01,2020,6,8
DEI-025/CAM-01,2020,7,6
DEI-025/CAM-01,2020,8,5
DEI-025/CAM-01,2020,9,9
DEI-025/CAM-01,2020,10,15
DEI-025/CAM-01,2020,11,7
DEI-025/CAM-01,2020,12,9
DEI-025/CAM-01,2021,1,9
DEI-025/CAM-01,2021,2,7
DEI-025/CAM-01,2021,3,20
DEI-025/CAM-01,2021,4,13
DEI-025/CAM-01,2021,5,7
DEI-025/CAM-01,2021,6,6
DEI-025/CAM-01,2021,7,14
DEI-025/CAM-01,2021,8,21
DEI-025/CAM-01,2021,9,21
DEI-025/CAM-01,2021,10,16
DEI-025/CAM-01,2021,11,11
DEI-025/CAM-01,2021,12,14
DEI-025/CAM-01,2022,1,17
DEI-025/CAM-01,2022,2,20
DEI-025/CAM-01,2022,3,25
DEI-025/CAM-01,2022,4,18
DEI-025/CAM-01,2022,5,22
DEI-025/CAM-01,2022,6,18
DEI-025/CAM-01,2022,7,19
DEI-025/CAM-01,2022,8,7
DEI-025/CAM-01,2022,9,9
DEI-025/CAM-01,2022,10,5
DEI-025/CAM-01,2022,11,6
DEI-025/CAM-01,2022,12,5
DEI-025/CAM-02,2019,1,9
DEI-025/CAM-02,2019,2,7
DEI-025/CAM-02,2019,3,16
DEI-025/CAM-02,2019,4,15
DEI-025/CAM-02,2019,5,13
DEI-025/CAM-02,2019,6,14
DEI-025/CAM-02,2019,7,15
DEI-025/CAM-02,2019,8,20
DEI-025/CAM-02,2019,9,18
DEI-025/CAM-02,2019,10,14
DEI-025/CAM-02,2019,11,21
DEI-025/CAM-02,2019,12,15
DEI-025/CAM-02,2020,1,8
DEI-025/CAM-02,2020,2,10
DEI-025/CAM-02,2020,3,8
DEI-025/CAM-02,2020,4,2
DEI-025/CAM-02,2020,5,5
DEI-025/CAM-02,2020,6,8
DEI-025/CAM-02,2020,7,6
DEI-025/CAM-02,2020,8,5
DEI-025/CAM-02,2020,9,9
DEI-025/CAM-02,2020,10,15
DEI-025/CAM-02,2020,11,7
DEI-025/CAM-02,2020,12,9
DEI-025/CAM-02,2021,1,9
DEI-025/CAM-02,2021,2,7
DEI-025/CAM-02,2021,3,20
DEI-025/CAM-02,2021,4,13
DEI-025/CAM-02,2021,5,7
DEI-025/CAM-02,2021,6,6
DEI-025/CAM-02,2021,7,14
DEI-025/CAM-02,2021,8,21
DEI-025/CAM-02,2021,9,21
DEI-025/CAM-02,2021,10,16
DEI-025/CAM-02,2021,11,11
DEI-025/CAM-02,2021,12,14
DEI-025/CAM-02,2022,1,17
DEI-025/CAM-02,2022,2,20
DEI-025/CAM-02,2022,3,25
DEI-025/CAM-02,2022,4,18
DEI-025/CAM-02,2022,5,22
DEI-025/CAM-02,2022,6,18
DEI-025/CAM-02,2022,7,19
DEI-025/CAM-02,2022,8,7
DEI-025/CAM-02,2022,9,9
DEI-025/CAM-02,2022,10,5
DEI-025/CAM-02,2022,11,6
DEI-025/CAM-02,2022,12,5
DEI-025/CAM-03,2019,1,19
DEI-025/CAM-03,2019,2,23
DEI-025/CAM-03,2019,3,24
DEI-025/CAM-03,2019,4,23
DEI-025/CAM-03,2019,5,26
DEI-025/CAM-03,2019,6,16
DEI-025/CAM-03,2019,7,33
DEI-025/CAM-03,2019,8,28
DEI-025/CAM-03,2019,9,33
DEI-025/CAM-03,2019,10,27
DEI-025/CAM-03,2019,11,31
DEI-025/CAM-03,2019,12,14
DEI-025/CAM-03,2020,1,18
DEI-025/CAM-03,2020,2,17
DEI-025/CAM-03,2020,3,12
DEI-025/CAM-03,2020,4,3
DEI-025/CAM-03,2020,5,8
DEI-025/CAM-03,2020,6,7
DEI-025/CAM-03,2020,7,3
DEI-025/CAM-03,2020,8,9
DEI-025/CAM-03,2020,9,13
DEI-025/CAM-03,2020,10,5
DEI-025/CAM-03,2020,11,7
DEI-025/CAM-03,2020,12,10
DEI-025/CAM-03,2021,1,7
DEI-025/CAM-03,2021,2,17
DEI-025/CAM-03,2021,3,14
DEI-025/CAM-03,2021,4,18
DEI-025/CAM-03,2021,5,16
DEI-025/CAM-03,2021,6,18
DEI-025/CAM-03,2021,7,8
DEI-025/CAM-03,2021,8,14
DEI-025/CAM-03,2021,9,25
DEI-025/CAM-03,2021,10,22
DEI-025/CAM-03,2021,11,19
DEI-025/CAM-03,2021,12,19
DEI-025/CAM-03,2022,1,17
DEI-025/CAM-03,2022,2,17
DEI-025/CAM-03,2022,3,25
DEI-025/CAM-03,2022,4,20
DEI-025/CAM-03,2022,5,26
DEI-025/CAM-03,2022,6,27
DEI-025/CAM-03,2022,7,20
DEI-025/CAM-03,2022,8,30
DEI-025/CAM-03,2022,9,25
DEI-025/CAM-03,2022,10,7
DEI-025/CAM-03,2022,11,14
DEI-025/CAM-03,2022,12,6
DEI-025/CAM-04,2019,1,19
DEI-025/CAM-04,2019,2,23
DEI-025/CAM-04,2019,3,24
DEI-025/CAM-04,2019,4,23
DEI-025/CAM-04,2019,5,26
DEI-025/CAM-04,2019,6,16
DEI-025/CAM-04,2019,7,33
DEI-025/CAM-04,2019,8,28
DEI-025/CAM-04,2019,9,33
DEI-025/CAM-04,2019,10,27
DEI-025/CAM-04,2019,11,31
DEI-025/CAM-04,2019,12,14
DEI-025/CAM-04,2020,1,18
DEI-025/CAM-04,2020,2,17
DEI-025/CAM-04,2020,3,12
DEI-025/CAM-04,2020,4,3
DEI-025/CAM-04,2020,5,8
DEI-025/CAM-04,2020,6,7
DEI-025/CAM-04,2020,7,3
DEI-025/CAM-04,2020,8,9
DEI-025/CAM-04,2020,9,13
DEI-025/CAM-04,2020,10,5
DEI-025/CAM-04,2020,11,7
DEI-025/CAM-04,2020,12,10
DEI-025/CAM-04,2021,1,7
DEI-025/CAM-04,2021,2,17
DEI-025/CAM-04,2021,3,14
DEI-025/CAM-04,2021,4,18
DEI-025/CAM-04,2021,5,16
DEI-025/CAM-04,2021,6,18
DEI-025/CAM-04,2021,7,8
DEI-025/CAM-04,2021,8,14
DEI-025/CAM-04,2021,9,25
DEI-025/CAM-04,2021,10,22
DEI-025/CAM-04,2021,11,19
DEI-025/CAM-04,2021,12,19
DEI-025/CAM-04,2022,1,17
DEI-025/CAM-04,2022,2,17
DEI-025/CAM-04,2022,3,25
DEI-025/CAM-04,2022,4,20
DEI-025/CAM-04,2022,5,26
DEI-025/CAM-04,2022,6,27
DEI-025/CAM-04,2022,7,20
DEI-025/CAM-04,2022,8,30
DEI-025/CAM-04,2022,9,25
DEI-025/CAM-04,2022,10,7
DEI-025/CAM-04,2022,11,14
DEI-025/CAM-04,2022,12,6
DEI-026/CAM-01,2019,1,9
DEI-026/CAM-01,2019,2,14
DEI-026/CAM-01,2019,3,6
DEI-026/CAM-01,2019,4,14
DEI-026/CAM-01,2019,5,12
DEI-026/CAM-01,2019,6,13
DEI-026/CAM-01,2019,7,7
DEI-026/CAM-01,2019,8,15
DEI-026/CAM-01,2019,9,10
DEI-026/CAM-01,2019,10,22
DEI-026/CAM-01,2019,11,11
DEI-026/CAM-01,2019,12,11
DEI-026/CAM-01,2020,1,6
DEI-026/CAM-01,2020,2,5
DEI-026/CAM-01,2020,3,6
DEI-026/CAM-01,2020,4,8
DEI-026/CAM-01,2020,5,1
DEI-026/CAM-01,2020,6,9
DEI-026/CAM-01,2020,7,6
DEI-026/CAM-01,2020,8,3
DEI-026/CAM-01,2020,9,10
DEI-026/CAM-01,2020,10,18
DEI-026/CAM-01,2020,11,9
DEI-026/CAM-01,2020,12,11
DEI-026/CAM-01,2021,1,15
DEI-026/CAM-01,2021,2,24
DEI-026/CAM-01,2021,3,10
DEI-026/CAM-01,2021,4,22
DEI-026/CAM-01,2021,5,9
DEI-026/CAM-01,2021,6,11
DEI-026/CAM-01,2021,7,18
DEI-026/CAM-01,2021,8,17
DEI-026/CAM-01,2021,9,15
DEI-026/CAM-01,2021,10,17
DEI-026/CAM-01,2021,11,22
DEI-026/CAM-01,2021,12,20
DEI-026/CAM-01,2022,1,24
DEI-026/CAM-01,2022,2,22
DEI-026/CAM-01,2022,3,28
DEI-026/CAM-01,2022,4,26
DEI-026/CAM-01,2022,5,40
DEI-026/CAM-01,2022,6,29
DEI-026/CAM-01,2022,7,28
DEI-026/CAM-01,2022,8,36
DEI-026/CAM-01,2022,9,33
DEI-026/CAM-01,2022,10,21
DEI-026/CAM-01,2022,11,23
DEI-026/CAM-01,2022,12,19
DEI-026/CAM-02,2019,1,9
DEI-026/CAM-02,2019,2,14
DEI-026/CAM-02,2019,3,6
DEI-026/CAM-02,2019,4,14
DEI-026/CAM-02,2019,5,12
DEI-026/CAM-02,2019,6,13
DEI-026/CAM-02,2019,7,7
DEI-026/CAM-02,2019,8,15
DEI-026/CAM-02,2019,9,10
DEI-026/CAM-02,2019,10,22
DEI-026/CAM-02,2019,11,11
DEI-026/CAM-02,2019,12,11
DEI-026/CAM-02,2020,1,6
DEI-026/CAM-02,2020,2,5
DEI-026/CAM-02,2020,3,6
DEI-026/CAM-02,2020,4,8
DEI-026/CAM-02,2020,5,1
DEI-026/CAM-02,2020,6,9
DEI-026/CAM-02,2020,7,6
DEI-026/CAM-02,2020,8,3
DEI-026/CAM-02,2020,9,10
DEI-026/CAM-02,2020,10,18
DEI-026/CAM-02,2020,11,9
DEI-026/CAM-02,2020,12,11
DEI-026/CAM-02,2021,1,15
DEI-026/CAM-02,2021,2,24
DEI-026/CAM-02,2021,3,10
DEI-026/CAM-02,2021,4,22
DEI-026/CAM-02,2021,5,9
DEI-026/CAM-02,2021,6,11
DEI-026/CAM-02,2021,7,18
DEI-026/CAM-02,2021,8,17
DEI-026/CAM-02,2021,9,15
DEI-026/CAM-02,2021,10,17
DEI-026/CAM-02,2021,11,22
DEI-026/CAM-02,2021,12,20
DEI-026/CAM-02,2022,1,24
DEI-026/CAM-02,2022,2,22
DEI-026/CAM-02,2022,3,28
DEI-026/CAM-02,2022,4,26
DEI-026/CAM-02,2022,5,40
DEI-026/CAM-02,2022,6,29
DEI-026/CAM-02,2022,7,28
DEI-026/CAM-02,2022,8,36
DEI-026/CAM-02,2022,9,33
DEI-026/CAM-02,2022,10,21
DEI-026/CAM-02,2022,11,23
DEI-026/CAM-02,2022,12,19
DEI-027/CAM-01,2019,1,10
DEI-027/CAM-01,2019,2,4
DEI-027/CAM-01,2019,3,14
DEI-027/CAM-01,2019,4,14
DEI-027/CAM-01,2019,5,12
DEI-027/CAM-01,2019,6,11
DEI-027/CAM-01,2019,7,10
DEI-027/CAM-01,2019,8,19
DEI-027/CAM-01,2019,9,11
DEI-027/CAM-01,2019,10,19
DEI-027/CAM-01,2019,11,7
DEI-027/CAM-01,2019,12,13
DEI-027/CAM-01,2020,1,5
DEI-027/CAM-01,2020,2,6
DEI-027/CAM-01,2020,3,5
DEI-027/CAM-01,2020,5,5
DEI-027/CAM-01,2020,6,3
DEI-027/CAM-01,2020,7,2
DEI-027/CAM-01,2020,8,5
DEI-027/CAM-01,2020,9,8
DEI-027/CAM-01,2020,10,5
DEI-027/CAM-01,2020,11,10
DEI-027/CAM-01,2020,12,11
DEI-027/CAM-01,2021,1,5
DEI-027/CAM-01,2021,2,10
DEI-027/CAM-01,2021,3,9
DEI-027/CAM-01,2021,4,10
DEI-027/CAM-01,2021,5,5
DEI-027/CAM-01,2021,6,9
DEI-027/CAM-01,2021,7,11
DEI-027/CAM-01,2021,8,6
DEI-027/CAM-01,2021,9,8
DEI-027/CAM-01,2021,10,4
DEI-027/CAM-01,2021,11,14
DEI-027/CAM-01,2021,12,13
DEI-027/CAM-01,2022,1,10
DEI-027/CAM-01,2022,2,6
DEI-027/CAM-01,2022,3,13
DEI-027/CAM-01,2022,4,6
DEI-027/CAM-01,2022,5,10
DEI-027/CAM-01,2022,6,13
DEI-027/CAM-01,2022,7,11
DEI-027/CAM-01,2022,8,14
DEI-027/CAM-01,2022,9,13
DEI-027/CAM-01,2022,10,8
DEI-027/CAM-01,2022,11,5
DEI-027/CAM-01,2022,12,8
DEI-027/CAM-02,2019,1,20
DEI-027/CAM-02,2019,2,5
DEI-027/CAM-02,2019,3,21
DEI-027/CAM-02,2019,4,20
DEI-027/CAM-02,2019,5,16
DEI-027/CAM-02,2019,6,19
DEI-027/CAM-02,2019,7,12
DEI-027/CAM-02,2019,8,23
DEI-027/CAM-02,2019,9,20
DEI-027/CAM-02,2019,10,28
DEI-027/CAM-02,2019,11,13
DEI-027/CAM-02,2019,12,17
DEI-027/CAM-02,2020,1,9
DEI-027/CAM-02,2020,2,12
DEI-027/CAM-02,2020,3,8
DEI-027/CAM-02,2020,4,1
DEI-027/CAM-02,2020,5,7
DEI-027/CAM-02,2020,6,6
DEI-027/CAM-02,2020,7,3
DEI-027/CAM-02,2020,8,9
DEI-027/CAM-02,2020,9,15
DEI-027/CAM-02,2020,10,10
DEI-027/CAM-02,2020,11,16
DEI-027/CAM-02,2020,12,15
DEI-027/CAM-02,2021,1,8
DEI-027/CAM-02,2021,2,11
DEI-027/CAM-02,2021,3,19
DEI-027/CAM-02,2021,4,14
DEI-027/CAM-02,2021,5,6
DEI-027/CAM-02,2021,6,20
DEI-027/CAM-02,2021,7,17
DEI-027/CAM-02,2021,8,11
DEI-027/CAM-02,2021,9,15
DEI-027/CAM-02,2021,10,14
DEI-027/CAM-02,2021,11,22
DEI-027/CAM-02,2021,12,20
DEI-027/CAM-02,2022,1,12
DEI-027/CAM-02,2022,2,17
DEI-027/CAM-02,2022,3,21
DEI-027/CAM-02,2022,4,19
DEI-027/CAM-02,2022,5,17
DEI-027/CAM-02,2022,6,22
DEI-027/CAM-02,2022,7,18
DEI-027/CAM-02,2022,8,19
DEI-027/CAM-02,2022,9,19
DEI-027/CAM-02,2022,10,19
DEI-027/CAM-02,2022,11,12
DEI-027/CAM-02,2022,12,14
DEI-028/CAM-01,2019,1,40
DEI-028/CAM-01,2019,2,39
DEI-028/CAM-01,2019,3,31
DEI-028/CAM-01,2019,4,43
DEI-028/CAM-01,2019,5,49
DEI-028/CAM-01,2019,6,26
DEI-028/CAM-01,2019,7,33
DEI-028/CAM-01,2019,8,46
DEI-028/CAM-01,2019,9,43
DEI-028/CAM-01,2019,10,38
DEI-028/CAM-01,2019,11,44
DEI-028/CAM-01,2019,12,38
DEI-028/CAM-01,2020,1,27
DEI-028/CAM-01,2020,2,35
DEI-028/CAM-01,2020,3,25
DEI-028/CAM-01,2020,4,10
DEI-028/CAM-01,2020,5,9
DEI-028/CAM-01,2020,6,8
DEI-028/CAM-01,2020,7,11
DEI-028/CAM-01,2020,8,18
DEI-028/CAM-01,2020,9,13
DEI-028/CAM-01,2020,10,23
DEI-028/CAM-01,2020,11,31
DEI-028/CAM-01,2020,12,22
DEI-028/CAM-01,2021,1,17
DEI-028/CAM-01,2021,2,21
DEI-028/CAM-01,2021,3,11
DEI-028/CAM-01,2021,4,17
DEI-028/CAM-01,2021,5,18
DEI-028/CAM-01,2021,6,28
DEI-028/CAM-01,2021,7,26
DEI-028/CAM-01,2021,8,21
DEI-028/CAM-01,2021,9,30
DEI-028/CAM-01,2021,10,43
DEI-028/CAM-01,2021,11,30
DEI-028/CAM-01,2021,12,27
DEI-028/CAM-01,2022,1,30
DEI-028/CAM-01,2022,2,35
DEI-028/CAM-01,2022,3,46
DEI-028/CAM-01,2022,4,43
DEI-028/CAM-01,2022,5,47
DEI-028/CAM-01,2022,6,36
DEI-028/CAM-01,2022,7,42
DEI-028/CAM-01,2022,8,37
DEI-028/CAM-01,2022,9,20
DEI-028/CAM-01,2022,10,11
DEI-028/CAM-01,2022,11,21
DEI-028/CAM-01,2022,12,12
DEI-028/CAM-02,2019,1,40
DEI-028/CAM-02,2019,2,39
DEI-028/CAM-02,2019,3,31
DEI-028/CAM-02,2019,4,43
DEI-028/CAM-02,2019,5,49
DEI-028/CAM-02,2019,6,26
DEI-028/CAM-02,2019,7,33
DEI-028/CAM-02,2019,8,46
DEI-028/CAM-02,2019,9,43
DEI-028/CAM-02,2019,10,38
DEI-028/CAM-02,2019,11,44
DEI-028/CAM-02,2019,12,38
DEI-028/CAM-02,2020,1,27
DEI-028/CAM-02,2020,2,35
DEI-028/CAM-02,2020,3,25
DEI-028/CAM-02,2020,4,10
DEI-028/CAM-02,2020,5,9
DEI-028/CAM-02,2020,6,8
DEI-028/CAM-02,2020,7,11
DEI-028/CAM-02,2020,8,18
DEI-028/CAM-02,2020,9,13
DEI-028/CAM-02,2020,10,23
DEI-028/CAM-02,2020,11,31
DEI-028/CAM-02,2020,12,22
DEI-028/CAM-02,2021,1,17
DEI-028/CAM-02,2021,2,21
DEI-028/CAM-02,2021,3,11
DEI-028/CAM-02,2021,4,17
DEI-028/CAM-02,2021,5,18
DEI-028/CAM-02,2021,6,28
DEI-028/CAM-02,2021,7,26
DEI-028/CAM-02,2021,8,21
DEI-028/CAM-02,2021,9,30
DEI-028/CAM-02,2021,10,43
DEI-028/CAM-02,2021,11,30
DEI-028/CAM-02,2021,12,27
DEI-028/CAM-02,2022,1,30
DEI-028/CAM-02,2022,2,35
DEI-028/CAM-02,2022,3,46
DEI-028/CAM-02,2022,4,43
DEI-028/CAM-02,2022,5,47
DEI-028/CAM-02,2022,6,36
DEI-028/CAM-02,2022,7,42
DEI-028/CAM-02,2022,8,37
DEI-028/CAM-02,2022,9,20
DEI-028/CAM-02,2022,10,11
DEI-028/CAM-02,2022,11,21
DEI-028/CAM-02,2022,12,12
DEI-029/CAM-01,2019,1,9
DEI-029/CAM-01,2019,2,7
DEI-029/CAM-01,2019,3,16
DEI-029/CAM-01,2019,4,15
DEI-029/CAM-01,2019,5,13
DEI-029/CAM-01,2019,6,14
DEI-029/CAM-01,2019,7,15
DEI-029/CAM-01,2019,8,20
DEI-029/CAM-01,2019,9,18
DEI-029/CAM-01,2019,10,14
DEI-029/CAM-01,2019,11,21
DEI-029/CAM-01,2019,12,15
DEI-029/CAM-01,2020,1,8
DEI-029/CAM-01,2020,2,10
DEI-029/CAM-01,2020,3,8
DEI-029/CAM-01,2020,4,2
DEI-029/CAM-01,2020,5,5
DEI-029/CAM-01,2020,6,8
DEI-029/CAM-01,2020,7,6
DEI-029/CAM-01,2020,8,5
DEI-029/CAM-01,2020,9,9
DEI-029/CAM-01,2020,10,15
DEI-029/CAM-01,2020,11,7
DEI-029/CAM-01,2020,12,9
DEI-029/CAM-01,2021,1,9
DEI-029/CAM-01,2021,2,7
DEI-029/CAM-01,2021,3,20
DEI-029/CAM-01,2021,4,13
DEI-029/CAM-01,2021,5,7
DEI-029/CAM-01,2021,6,6
DEI-029/CAM-01,2021,7,14
DEI-029/CAM-01,2021,8,21
DEI-029/CAM-01,2021,9,21
DEI-029/CAM-01,2021,10,16
DEI-029/CAM-01,2021,11,11
DEI-029/CAM-01,2021,12,14
DEI-029/CAM-01,2022,1,17
DEI-029/CAM-01,2022,2,20
DEI-029/CAM-01,2022,3,25
DEI-029/CAM-01,2022,4,18
DEI-029/CAM-01,2022,5,22
DEI-029/CAM-01,2022,6,18
DEI-029/CAM-01,2022,7,19
DEI-029/CAM-01,2022,8,7
DEI-029/CAM-01,2022,9,9
DEI-029/CAM-01,2022,10,5
DEI-029/CAM-01,2022,11,6
DEI-029/CAM-01,2022,12,5
DEI-029/CAM-02,2019,1,9
DEI-029/CAM-02,2019,2,7
DEI-029/CAM-02,2019,3,16
DEI-029/CAM-02,2019,4,15
DEI-029/CAM-02,2019,5,13
DEI-029/CAM-02,2019,6,14
DEI-029/CAM-02,2019,7,15
DEI-029/CAM-02,2019,8,20
DEI-029/CAM-02,2019,9,18
DEI-029/CAM-02,2019,10,14
DEI-029/CAM-02,2019,11,21
DEI-029/CAM-02,2019,12,15
DEI-029/CAM-02,2020,1,8
DEI-029/CAM-02,2020,2,10
DEI-029/CAM-02,2020,3,8
DEI-029/CAM-02,2020,4,2
DEI-029/CAM-02,2020,5,5
DEI-029/CAM-02,2020,6,8
DEI-029/CAM-02,2020,7,6
DEI-029/CAM-02,2020,8,5
DEI-029/CAM-02,2020,9,9
DEI-029/CAM-02,2020,10,15
DEI-029/CAM-02,2020,11,7
DEI-029/CAM-02,2020,12,9
DEI-029/CAM-02,2021,1,9
DEI-029/CAM-02,2021,2,7
DEI-029/CAM-02,2021,3,20
DEI-029/CAM-02,2021,4,13
DEI-029/CAM-02,2021,5,7
DEI-029/CAM-02,2021,6,6
DEI-029/CAM-02,2021,7,14
DEI-029/CAM-02,2021,8,21
DEI-029/CAM-02,2021,9,21
DEI-029/CAM-02,2021,10,16
DEI-029/CAM-02,2021,11,11
DEI-029/CAM-02,2021,12,14
DEI-029/CAM-02,2022,1,17
DEI-029/CAM-02,2022,2,20
DEI-029/CAM-02,2022,3,25
DEI-029/CAM-02,2022,4,18
DEI-029/CAM-02,2022,5,22
DEI-029/CAM-02,2022,6,18
DEI-029/CAM-02,2022,7,19
DEI-029/CAM-02,2022,8,7
DEI-029/CAM-02,2022,9,9
DEI-029/CAM-02,2022,10,5
DEI-029/CAM-02,2022,11,6
DEI-029/CAM-02,2022,12,5
DEI-029/CAM-03,2019,1,19
DEI-029/CAM-03,2019,2,23
DEI-029/CAM-03,2019,3,24
DEI-029/CAM-03,2019,4,23
DEI-029/CAM-03,2019,5,26
DEI-029/CAM-03,2019,6,16
DEI-029/CAM-03,2019,7,33
DEI-029/CAM-03,2019,8,28
DEI-029/CAM-03,2019,9,33
DEI-029/CAM-03,2019,10,27
DEI-029/CAM-03,2019,11,31
DEI-029/CAM-03,2019,12,14
DEI-029/CAM-03,2020,1,18
DEI-029/CAM-03,2020,2,17
DEI-029/CAM-03,2020,3,12
DEI-029/CAM-03,2020,4,3
DEI-029/CAM-03,2020,5,8
DEI-029/CAM-03,2020,6,7
DEI-029/CAM-03,2020,7,3
DEI-029/CAM-03,2020,8,9
DEI-029/CAM-03,2020,9,13
DEI-029/CAM-03,2020,10,5
DEI-029/CAM-03,2020,11,7
DEI-029/CAM-03,2020,12,10
DEI-029/CAM-03,2021,1,7
DEI-029/CAM-03,2021,2,17
DEI-029/CAM-03,2021,3,14
DEI-029/CAM-03,2021,4,18
DEI-029/CAM-03,2021,5,16
DEI-029/CAM-03,2021,6,18
DEI-029/CAM-03,2021,7,8
DEI-029/CAM-03,2021,8,14
DEI-029/CAM-03,2021,9,25
DEI-029/CAM-03,2021,10,22
DEI-029/CAM-03,2021,11,19
DEI-029/CAM-03,2021,12,19
DEI-029/CAM-03,2022,1,17
DEI-029/CAM-03,2022,2,17
DEI-029/CAM-03,2022,3,25
DEI-029/CAM-03,2022,4,20
DEI-029/CAM-03,2022,5,26
DEI-029/CAM-03,2022,6,27
DEI-029/CAM-03,2022,7,20
DEI-029/CAM-03,2022,8,30
DEI-029/CAM-03,2022,9,25
DEI-029/CAM-03,2022,10,7
DEI-029/CAM-03,2022,11,14
DEI-029/CAM-03,2022,12,6
DEI-029/CAM-04,2019,1,19
DEI-029/CAM-04,2019,2,23
DEI-029/CAM-04,2019,3,24
DEI-029/CAM-04,2019,4,23
DEI-029/CAM-04,2019,5,26
DEI-029/CAM-04,2019,6,16
DEI-029/CAM-04,2019,7,33
DEI-029/CAM-04,2019,8,28
DEI-029/CAM-04,2019,9,33
DEI-029/CAM-04,2019,10,27
DEI-029/CAM-04,2019,11,31
DEI-029/CAM-04,2019,12,14
DEI-029/CAM-04,2020,1,18
DEI-029/CAM-04,2020,2,17
DEI-029/CAM-04,2020,3,12
DEI-029/CAM-04,2020,4,3
DEI-029/CAM-04,2020,5,8
DEI-029/CAM-04,2020,6,7
DEI-029/CAM-04,2020,7,3
DEI-029/CAM-04,2020,8,9
DEI-029/CAM-04,2020,9,13
DEI-029/CAM-04,2020,10,5
DEI-029/CAM-04,2020,11,7
DEI-029/CAM-04,2020,12,10
DEI-029/CAM-04,2021,1,7
DEI-029/CAM-04,2021,2,17
DEI-029/CAM-04,2021,3,14
DEI-029/CAM-04,2021,4,18
DEI-029/CAM-04,2021,5,16
DEI-029/CAM-04,2021,6,18
DEI-029/CAM-04,2021,7,8
DEI-029/CAM-04,2021,8,14
DEI-029/CAM-04,2021,9,25
DEI-029/CAM-04,2021,10,22
DEI-029/CAM-04,2021,11,19
DEI-029/CAM-04,2021,12,19
DEI-029/CAM-04,2022,1,17
DEI-029/CAM-04,2022,2,17
DEI-029/CAM-04,2022,3,25
DEI-029/CAM-04,2022,4,20
DEI-029/CAM-04,2022,5,26
DEI-029/CAM-04,2022,6,27
DEI-029/CAM-04,2022,7,20
DEI-029/CAM-04,2022,8,30
DEI-029/CAM-04,2022,9,25
DEI-029/CAM-04,2022,10,7
DEI-029/CAM-04,2022,11,14
DEI-029/CAM-04,2022,12,6
DEI-030/CAM-01,2019,1,142
DEI-030/CAM-01,2019,2,131
DEI-030/CAM-01,2019,3,145
DEI-030/CAM-01,2019,4,151
DEI-030/CAM-01,2019,5,165
DEI-030/CAM-01,2019,6,133
DEI-030/CAM-01,2019,7,133
DEI-030/CAM-01,2019,8,122
DEI-030/CAM-01,2019,9,144
DEI-030/CAM-01,2019,10,132
DEI-030/CAM-01,2019,11,116
DEI-030/CAM-01,2019,12,155
DEI-030/CAM-01,2020,1,103
DEI-030/CAM-01,2020,2,116
DEI-030/CAM-01,2020,3,80
DEI-030/CAM-01,2020,4,27
DEI-030/CAM-01,2020,5,42
DEI-030/CAM-01,2020,6,76
DEI-030/CAM-01,2020,7,90
DEI-030/CAM-01,2020,8,80
DEI-030/CAM-01,2020,9,79
DEI-030/CAM-01,2020,10,110
DEI-030/CAM-01,2020,11,110
DEI-030/CAM-01,2020,12,103
DEI-030/CAM-01,2021,1,70
DEI-030/CAM-01,2021,2,80
DEI-030/CAM-01,2021,3,122
DEI-030/CAM-01,2021,4,91
DEI-030/CAM-01,2021,5,82
DEI-030/CAM-01,2021,6,123
DEI-030/CAM-01,2021,7,98
DEI-030/CAM-01,2021,8,93
DEI-030/CAM-01,2021,9,111
DEI-030/CAM-01,2021,10,127
DEI-030/CAM-01,2021,11,123
DEI-030/CAM-01,2021,12,107
DEI-030/CAM-01,2022,1,130
DEI-030/CAM-01,2022,2,139
DEI-030/CAM-01,2022,3,146
DEI-030/CAM-01,2022,4,131
DEI-030/CAM-01,2022,5,135
DEI-030/CAM-01,2022,6,138
DEI-030/CAM-01,2022,7,137
DEI-030/CAM-01,2022,8,108
DEI-030/CAM-01,2022,9,136
DEI-030/CAM-01,2022,10,71
DEI-030/CAM-01,2022,11,61
DEI-030/CAM-01,2022,12,57
DEI-030/CAM-02,2019,1,142
DEI-030/CAM-02,2019,2,131
DEI-030/CAM-02,2019,3,145
DEI-030/CAM-02,2019,4,151
DEI-030/CAM-02,2019,5,165
DEI-030/CAM-02,2019,6,133
DEI-030/CAM-02,2019,7,133
DEI-030/CAM-02,2019,8,122
DEI-030/CAM-02,2019,9,144
DEI-030/CAM-02,2019,10,132
DEI-030/CAM-02,2019,11,116
DEI-030/CAM-02,2019,12,155
DEI-030/CAM-02,2020,1,103
DEI-030/CAM-02,2020,2,116
DEI-030/CAM-02,2020,3,80
DEI-030/CAM-02,2020,4,27
DEI-030/CAM-02,2020,5,42
DEI-030/CAM-02,2020,6,76
DEI-030/CAM-02,2020,7,90
DEI-030/CAM-02,2020,8,80
DEI-030/CAM-02,2020,9,79
DEI-030/CAM-02,2020,10,110
DEI-030/CAM-02,2020,11,110
DEI-030/CAM-02,2020,12,103
DEI-030/CAM-02,2021,1,70
DEI-030/CAM-02,2021,2,80
DEI-030/CAM-02,2021,3,122
DEI-030/CAM-02,2021,4,91
DEI-030/CAM-02,2021,5,82
DEI-030/CAM-02,2021,6,123
DEI-030/CAM-02,2021,7,98
DEI-030/CAM-02,2021,8,93
DEI-030/CAM-02,2021,9,111
DEI-030/CAM-02,2021,10,127
DEI-030/CAM-02,2021,11,123
DEI-030/CAM-02,2021,12,107
DEI-030/CAM-02,2022,1,130
DEI-030/CAM-02,2022,2,139
DEI-030/CAM-02,2022,3,146
DEI-030/CAM-02,2022,4,131
DEI-030/CAM-02,2022,5,135
DEI-030/CAM-02,2022,6,138
DEI-030/CAM-02,2022,7,137
DEI-030/CAM-02,2022,8,108
DEI-030/CAM-02,2022,9,136
DEI-030/CAM-02,2022,10,71
DEI-030/CAM-02,2022,11,61
DEI-030/CAM-02,2022,12,57
DEI-031/CAM-01,2019,1,53
DEI-031/CAM-01,2019,2,45
DEI-031/CAM-01,2019,3,69
DEI-031/CAM-01,2019,4,57
DEI-031/CAM-01,2019,5,56
DEI-031/CAM-01,2019,6,47
DEI-031/CAM-01,2019,7,56
DEI-031/CAM-01,2019,8,61
DEI-031/CAM-01,2019,9,56
DEI-031/CAM-01,2019,10,66
DEI-031/CAM-01,2019,11,52
DEI-031/CAM-01,2019,12,67
DEI-031/CAM-01,2020,1,36
DEI-031/CAM-01,2020,2,61
DEI-031/CAM-01,2020,3,47
DEI-031/CAM-01,2020,4,22
DEI-031/CAM-01,2020,5,27
DEI-031/CAM-01,2020,6,44
DEI-031/CAM-01,2020,7,39
DEI-031/CAM-01,2020,8,34
DEI-031/CAM-01,2020,9,54
DEI-031/CAM-01,2020,10,43
DEI-031/CAM-01,2020,11,47
DEI-031/CAM-01,2020,12,51
DEI-031/CAM-01,2021,1,71
DEI-031/CAM-01,2021,2,52
DEI-031/CAM-01,2021,3,78
DEI-031/CAM-01,2021,4,59
DEI-031/CAM-01,2021,5,56
DEI-031/CAM-01,2021,6,59
DEI-031/CAM-01,2021,7,57
DEI-031/CAM-01,2021,8,58
DEI-031/CAM-01,2021,9,64
DEI-031/CAM-01,2021,10,72
DEI-031/CAM-01,2021,11,79
DEI-031/CAM-01,2021,12,69
DEI-031/CAM-01,2022,1,59
DEI-031/CAM-01,2022,2,95
DEI-031/CAM-01,2022,3,82
DEI-031/CAM-01,2022,4,78
DEI-031/CAM-01,2022,5,76
DEI-031/CAM-01,2022,6,89
DEI-031/CAM-01,2022,7,96
DEI-031/CAM-01,2022,8,70
DEI-031/CAM-01,2022,9,58
DEI-031/CAM-01,2022,10,46
DEI-031/CAM-01,2022,11,41
DEI-031/CAM-01,2022,12,50
DEI-031/CAM-02,2019,1,53
DEI-031/CAM-02,2019,2,45
DEI-031/CAM-02,2019,3,69
DEI-031/CAM-02,2019,4,57
DEI-031/CAM-02,2019,5,56
DEI-031/CAM-02,2019,6,47
DEI-031/CAM-02,2019,7,56
DEI-031/CAM-02,2019,8,61
DEI-031/CAM-02,2019,9,56
DEI-031/CAM-02,2019,10,66
DEI-031/CAM-02,2019,11,52
DEI-031/CAM-02,2019,12,67
DEI-031/CAM-02,2020,1,36
DEI-031/CAM-02,2020,2,61
DEI-031/CAM-02,2020,3,47
DEI-031/CAM-02,2020,4,22
DEI-031/CAM-02,2020,5,27
DEI-031/CAM-02,2020,6,44
DEI-031/CAM-02,2020,7,39
DEI-031/CAM-02,2020,8,34
DEI-031/CAM-02,2020,9,54
DEI-031/CAM-02,2020,10,43
DEI-031/CAM-02,2020,11,47
DEI-031/CAM-02,2020,12,51
DEI-031/CAM-02,2021,1,71
DEI-031/CAM-02,2021,2,52
DEI-031/CAM-02,2021,3,78
DEI-031/CAM-02,2021,4,59
DEI-031/CAM-02,2021,5,56
DEI-031/CAM-02,2021,6,59
DEI-031/CAM-02,2021,7,57
DEI-031/CAM-02,2021,8,58
DEI-031/CAM-02,2021,9,64
DEI-031/CAM-02,2021,10,72
DEI-031/CAM-02,2021,11,79
DEI-031/CAM-02,2021,12,69
DEI-031/CAM-02,2022,1,59
DEI-031/CAM-02,2022,2,95
DEI-031/CAM-02,2022,3,82
DEI-031/CAM-02,2022,4,78
DEI-031/CAM-02,2022,5,76
DEI-031/CAM-02,2022,6,89
DEI-031/CAM-02,2022,7,96
DEI-031/CAM-02,2022,8,70
DEI-031/CAM-02,2022,9,58
DEI-031/CAM-02,2022,10,46
DEI-031/CAM-02,2022,11,41
DEI-031/CAM-02,2022,12,50
DEI-033/CAM-01,2019,1,22
DEI-033/CAM-01,2019,2,29
DEI-033/CAM-01,2019,3,35
DEI-033/CAM-01,2019,4,27
DEI-033/CAM-01,2019,5,37
DEI-033/CAM-01,2019,6,24
DEI-033/CAM-01,2019,7,25
DEI-033/CAM-01,2019,8,38
DEI-033/CAM-01,2019,9,24
DEI-033/CAM-01,2019,10,32
DEI-033/CAM-01,2019,11,24
DEI-033/CAM-01,2019,12,54
DEI-033/CAM-01,2020,1,26
DEI-033/CAM-01,2020,2,27
DEI-033/CAM-01,2020,3,23
DEI-033/CAM-01,2020,4,1
DEI-033/CAM-01,2020,5,9
DEI-033/CAM-01,2020,6,25
DEI-033/CAM-01,2020,7,21
DEI-033/CAM-01,2020,8,11
DEI-033/CAM-01,2020,9,24
DEI-033/CAM-01,2020,10,26
DEI-033/CAM-01,2020,11,25
DEI-033/CAM-01,2020,12,24
DEI-033/CAM-01,2021,1,16
DEI-033/CAM-01,2021,2,25
DEI-033/CAM-01,2021,3,46
DEI-033/CAM-01,2021,4,34
DEI-033/CAM-01,2021,5,20
DEI-033/CAM-01,2021,6,29
DEI-033/CAM-01,2021,7,36
DEI-033/CAM-01,2021,8,29
DEI-033/CAM-01,2021,9,41
DEI-033/CAM-01,2021,10,32
DEI-033/CAM-01,2021,11,41
DEI-033/CAM-01,2021,12,40
DEI-033/CAM-01,2022,1,28
DEI-033/CAM-01,2022,2,51
DEI-033/CAM-01,2022,3,37
DEI-033/CAM-01,2022,4,42
DEI-033/CAM-01,2022,5,52
DEI-033/CAM-01,2022,6,42
DEI-033/CAM-01,2022,7,43
DEI-033/CAM-01,2022,8,38
DEI-033/CAM-01,2022,9,34
DEI-033/CAM-01,2022,10,28
DEI-033/CAM-01,2022,11,17
DEI-033/CAM-01,2022,12,22
DEI-033/CAM-02,2019,1,22
DEI-033/CAM-02,2019,2,29
DEI-033/CAM-02,2019,3,35
DEI-033/CAM-02,2019,4,27
DEI-033/CAM-02,2019,5,37
DEI-033/CAM-02,2019,6,24
DEI-033/CAM-02,2019,7,25
DEI-033/CAM-02,2019,8,38
DEI-033/CAM-02,2019,9,24
DEI-033/CAM-02,2019,10,32
DEI-033/CAM-02,2019,11,24
DEI-033/CAM-02,2019,12,54
DEI-033/CAM-02,2020,1,26
DEI-033/CAM-02,2020,2,27
DEI-033/CAM-02,2020,3,23
DEI-033/CAM-02,2020,4,1
DEI-033/CAM-02,2020,5,9
DEI-033/CAM-02,2020,6,25
DEI-033/CAM-02,2020,7,21
DEI-033/CAM-02,2020,8,11
DEI-033/CAM-02,2020,9,24
DEI-033/CAM-02,2020,10,26
DEI-033/CAM-02,2020,11,25
DEI-033/CAM-02,2020,12,24
DEI-033/CAM-02,2021,1,16
DEI-033/CAM-02,2021,2,25
DEI-033/CAM-02,2021,3,46
DEI-033/CAM-02,2021,4,34
DEI-033/CAM-02,2021,5,20
DEI-033/CAM-02,2021,6,29
DEI-033/CAM-02,2021,7,36
DEI-033/CAM-02,2021,8,29
DEI-033/CAM-02,2021,9,41
DEI-033/CAM-02,2021,10,32
DEI-033/CAM-02,2021,11,41
DEI-033/CAM-02,2021,12,40
DEI-033/CAM-02,2022,1,28
DEI-033/CAM-02,2022,2,51
DEI-033/CAM-02,2022,3,37
DEI-033/CAM-02,2022,4,42
DEI-033/CAM-02,2022,5,52
DEI-033/CAM-02,2022,6,42
DEI-033/CAM-02,2022,7,43
DEI-033/CAM-02,2022,8,38
DEI-033/CAM-02,2022,9,34
DEI-033/CAM-02,2022,10,28
DEI-033/CAM-02,2022,11,17
DEI-033/CAM-02,2022,12,22
DEI-035/CAM-01,2019,1,60
DEI-035/CAM-01,2019,2,45
DEI-035/CAM-01,2019,3,46
DEI-035/CAM-01,2019,4,57
DEI-035/CAM-01,2019,5,74
DEI-035/CAM-01,2019,6,55
DEI-035/CAM-01,2019,7,63
DEI-035/CAM-01,2019,8,65
DEI-035/CAM-01,2019,9,50
DEI-035/CAM-01,2019,10,64
DEI-035/CAM-01,2019,11,55
DEI-035/CAM-01,2019,12,55
DEI-035/CAM-01,2020,1,40
DEI-035/CAM-01,2020,2,80
DEI-035/CAM-01,2020,3,34
DEI-035/CAM-01,2020,4,18
DEI-035/CAM-01,2020,5,25
DEI-035/CAM-01,2020,6,22
DEI-035/CAM-01,2020,7,20
DEI-035/CAM-01,2020,8,33
DEI-035/CAM-01,2020,9,46
DEI-035/CAM-01,2020,10,45
DEI-035/CAM-01,2020,11,48
DEI-035/CAM-01,2020,12,52
DEI-035/CAM-01,2021,1,31
DEI-035/CAM-01,2021,2,46
DEI-035/CAM-01,2021,3,60
DEI-035/CAM-01,2021,4,41
DEI-035/CAM-01,2021,5,36
DEI-035/CAM-01,2021,6,50
DEI-035/CAM-01,2021,7,44
DEI-035/CAM-01,2021,8,46
DEI-035/CAM-01,2021,9,64
DEI-035/CAM-01,2021,10,53
DEI-035/CAM-01,2021,11,58
DEI-035/CAM-01,2021,12,44
DEI-035/CAM-01,2022,1,50
DEI-035/CAM-01,2022,2,53
DEI-035/CAM-01,2022,3,63
DEI-035/CAM-01,2022,4,45
DEI-035/CAM-01,2022,5,65
DEI-035/CAM-01,2022,6,62
DEI-035/CAM-01,2022,7,58
DEI-035/CAM-01,2022,8,53
DEI-035/CAM-01,2022,9,56
DEI-035/CAM-01,2022,10,30
DEI-035/CAM-01,2022,11,25
DEI-035/CAM-01,2022,12,33
DEI-035/CAM-02,2019,1,60
DEI-035/CAM-02,2019,2,45
DEI-035/CAM-02,2019,3,46
DEI-035/CAM-02,2019,4,57
DEI-035/CAM-02,2019,5,74
DEI-035/CAM-02,2019,6,55
DEI-035/CAM-02,2019,7,63
DEI-035/CAM-02,2019,8,65
DEI-035/CAM-02,2019,9,50
DEI-035/CAM-02,2019,10,64
DEI-035/CAM-02,2019,11,55
DEI-035/CAM-02,2019,12,55
DEI-035/CAM-02,2020,1,40
DEI-035/CAM-02,2020,2,80
DEI-035/CAM-02,2020,3,34
DEI-035/CAM-02,2020,4,18
DEI-035/CAM-02,2020,5,25
DEI-035/CAM-02,2020,6,22
DEI-035/CAM-02,2020,7,20
DEI-035/CAM-02,2020,8,33
DEI-035/CAM-02,2020,9,46
DEI-035/CAM-02,2020,10,45
DEI-035/CAM-02,2020,11,48
DEI-035/CAM-02,2020,12,52
DEI-035/CAM-02,2021,1,31
DEI-035/CAM-02,2021,2,46
DEI-035/CAM-02,2021,3,60
DEI-035/CAM-02,2021,4,41
DEI-035/CAM-02,2021,5,36
DEI-035/CAM-02,2021,6,50
DEI-035/CAM-02,2021,7,44
DEI-035/CAM-02,2021,8,46
DEI-035/CAM-02,2021,9,64
DEI-035/CAM-02,2021,10,53
DEI-035/CAM-02,2021,11,58
DEI-035/CAM-02,2021,12,44
DEI-035/CAM-02,2022,1,50
DEI-035/CAM-02,2022,2,53
DEI-035/CAM-02,2022,3,63
DEI-035/CAM-02,2022,4,45
DEI-035/CAM-02,2022,5,65
DEI-035/CAM-02,2022,6,62
DEI-035/CAM-02,2022,7,58
DEI-035/CAM-02,2022,8,53
DEI-035/CAM-02,2022,9,56
DEI-035/CAM-02,2022,10,30
DEI-035/CAM-02,2022,11,25
DEI-035/CAM-02,2022,12,33
DEI-036/CAM-01,2019,1,9
DEI-036/CAM-01,2019,2,7
DEI-036/CAM-01,2019,3,16
DEI-036/CAM-01,2019,4,15
DEI-036/CAM-01,2019,5,13
DEI-036/CAM-01,2019,6,14
DEI-036/CAM-01,2019,7,15
DEI-036/CAM-01,2019,8,20
DEI-036/CAM-01,2019,9,18
DEI-036/CAM-01,2019,10,14
DEI-036/CAM-01,2019,11,21
DEI-036/CAM-01,2019,12,15
DEI-036/CAM-01,2020,1,8
DEI-036/CAM-01,2020,2,10
DEI-036/CAM-01,2020,3,8
DEI-036/CAM-01,2020,4,2
DEI-036/CAM-01,2020,5,5
DEI-036/CAM-01,2020,6,8
DEI-036/CAM-01,2020,7,6
DEI-036/CAM-01,2020,8,5
DEI-036/CAM-01,2020,9,9
DEI-036/CAM-01,2020,10,15
DEI-036/CAM-01,2020,11,7
DEI-036/CAM-01,2020,12,9
DEI-036/CAM-01,2021,1,9
DEI-036/CAM-01,2021,2,7
DEI-036/CAM-01,2021,3,20
DEI-036/CAM-01,2021,4,13
DEI-036/CAM-01,2021,5,7
DEI-036/CAM-01,2021,6,6
DEI-036/CAM-01,2021,7,14
DEI-036/CAM-01,2021,8,21
DEI-036/CAM-01,2021,9,21
DEI-036/CAM-01,2021,10,16
DEI-036/CAM-01,2021,11,11
DEI-036/CAM-01,2021,12,14
DEI-036/CAM-01,2022,1,17
DEI-036/CAM-01,2022,2,20
DEI-036/CAM-01,2022,3,25
DEI-036/CAM-01,2022,4,18
DEI-036/CAM-01,2022,5,22
DEI-036/CAM-01,2022,6,18
DEI-036/CAM-01,2022,7,19
DEI-036/CAM-01,2022,8,7
DEI-036/CAM-01,2022,9,9
DEI-036/CAM-01,2022,10,5
DEI-036/CAM-01,2022,11,6
DEI-036/CAM-01,2022,12,5
DEI-036/CAM-02,2019,1,9
DEI-036/CAM-02,2019,2,7
DEI-036/CAM-02,2019,3,16
DEI-036/CAM-02,2019,4,15
DEI-036/CAM-02,2019,5,13
DEI-036/CAM-02,2019,6,14
DEI-036/CAM-02,2019,7,15
DEI-036/CAM-02,2019,8,20
DEI-036/CAM-02,2019,9,18
DEI-036/CAM-02,2019,10,14
DEI-036/CAM-02,2019,11,21
DEI-036/CAM-02,2019,12,15
DEI-036/CAM-02,2020,1,8
DEI-036/CAM-02,2020,2,10
DEI-036/CAM-02,2020,3,8
DEI-036/CAM-02,2020,4,2
DEI-036/CAM-02,2020,5,5
DEI-036/CAM-02,2020,6,8
DEI-036/CAM-02,2020,7,6
DEI-036/CAM-02,2020,8,5
DEI-036/CAM-02,2020,9,9
DEI-036/CAM-02,2020,10,15
DEI-036/CAM-02,2020,11,7
DEI-036/CAM-02,2020,12,9
DEI-036/CAM-02,2021,1,9
DEI-036/CAM-02,2021,2,7
DEI-036/CAM-02,2021,3,20
DEI-036/CAM-02,2021,4,13
DEI-036/CAM-02,2021,5,7
DEI-036/CAM-02,2021,6,6
DEI-036/CAM-02,2021,7,14
DEI-036/CAM-02,2021,8,21
DEI-036/CAM-02,2021,9,21
DEI-036/CAM-02,2021,10,16
DEI-036/CAM-02,2021,11,11
DEI-036/CAM-02,2021,12,14
DEI-036/CAM-02,2022,1,17
DEI-036/CAM-02,2022,2,20
DEI-036/CAM-02,2022,3,25
DEI-036/CAM-02,2022,4,18
DEI-036/CAM-02,2022,5,22
DEI-036/CAM-02,2022,6,18
DEI-036/CAM-02,2022,7,19
DEI-036/CAM-02,2022,8,7
DEI-036/CAM-02,2022,9,9
DEI-036/CAM-02,2022,10,5
DEI-036/CAM-02,2022,11,6
DEI-036/CAM-02,2022,12,5
DEI-036/CAM-03,2019,1,19
DEI-036/CAM-03,2019,2,23
DEI-036/CAM-03,2019,3,24
DEI-036/CAM-03,2019,4,23
DEI-036/CAM-03,2019,5,26
DEI-036/CAM-03,2019,6,16
DEI-036/CAM-03,2019,7,33
DEI-036/CAM-03,2019,8,28
DEI-036/CAM-03,2019,9,33
DEI-036/CAM-03,2019,10,27
DEI-036/CAM-03,2019,11,31
DEI-036/CAM-03,2019,12,14
DEI-036/CAM-03,2020,1,18
DEI-036/CAM-03,2020,2,17
DEI-036/CAM-03,2020,3,12
DEI-036/CAM-03,2020,4,3
DEI-036/CAM-03,2020,5,8
DEI-036/CAM-03,2020,6,7
DEI-036/CAM-03,2020,7,3
DEI-036/CAM-03,2020,8,9
DEI-036/CAM-03,2020,9,13
DEI-036/CAM-03,2020,10,5
DEI-036/CAM-03,2020,11,7
DEI-036/CAM-03,2020,12,10
DEI-036/CAM-03,2021,1,7
DEI-036/CAM-03,2021,2,17
DEI-036/CAM-03,2021,3,14
DEI-036/CAM-03,2021,4,18
DEI-036/CAM-03,2021,5,16
DEI-036/CAM-03,2021,6,18
DEI-036/CAM-03,2021,7,8
DEI-036/CAM-03,2021,8,14
DEI-036/CAM-03,2021,9,25
DEI-036/CAM-03,2021,10,22
DEI-036/CAM-03,2021,11,19
DEI-036/CAM-03,2021,12,19
DEI-036/CAM-03,2022,1,17
DEI-036/CAM-03,2022,2,17
DEI-036/CAM-03,2022,3,25
DEI-036/CAM-03,2022,4,20
DEI-036/CAM-03,2022,5,26
DEI-036/CAM-03,2022,6,27
DEI-036/CAM-03,2022,7,20
DEI-036/CAM-03,2022,8,30
DEI-036/CAM-03,2022,9,25
DEI-036/CAM-03,2022,10,7
DEI-036/CAM-03,2022,11,14
DEI-036/CAM-03,2022,12,6
DEI-036/CAM-04,2019,1,19
DEI-036/CAM-04,2019,2,23
DEI-036/CAM-04,2019,3,24
DEI-036/CAM-04,2019,4,23
DEI-036/CAM-04,2019,5,26
DEI-036/CAM-04,2019,6,16
DEI-036/CAM-04,2019,7,33
DEI-036/CAM-04,2019,8,28
DEI-036/CAM-04,2019,9,33
DEI-036/CAM-04,2019,10,27
DEI-036/CAM-04,2019,11,31
DEI-036/CAM-04,2019,12,14
DEI-036/CAM-04,2020,1,18
DEI-036/CAM-04,2020,2,17
DEI-036/CAM-04,2020,3,12
DEI-036/CAM-04,2020,4,3
DEI-036/CAM-04,2020,5,8
DEI-036/CAM-04,2020,6,7
DEI-036/CAM-04,2020,7,3
DEI-036/CAM-04,2020,8,9
DEI-036/CAM-04,2020,9,13
DEI-036/CAM-04,2020,10,5
DEI-036/CAM-04,2020,11,7
DEI-036/CAM-04,2020,12,10
DEI-036/CAM-04,2021,1,7
DEI-036/CAM-04,2021,2,17
DEI-036/CAM-04,2021,3,14
DEI-036/CAM-04,2021,4,18
DEI-036/CAM-04,2021,5,16
DEI-036/CAM-04,2021,6,18
DEI-036/CAM-04,2021,7,8
DEI-036/CAM-04,2021,8,14
DEI-036/CAM-04,2021,9,25
DEI-036/CAM-04,2021,10,22
DEI-036/CAM-04,2021,11,19
DEI-036/CAM-04,2021,12,19
DEI-036/CAM-04,2022,1,17
DEI-036/CAM-04,2022,2,17
DEI-036/CAM-04,2022,3,25
DEI-036/CAM-04,2022,4,20
DEI-036/CAM-04,2022,5,26
DEI-036/CAM-04,2022,6,27
DEI-036/CAM-04,2022,7,20
DEI-036/CAM-04,2022,8,30
DEI-036/CAM-04,2022,9,25
DEI-036/CAM-04,2022,10,7
DEI-036/CAM-04,2022,11,14
DEI-036/CAM-04,2022,12,6
DEI-037/CAM-01,2019,1,53
DEI-037/CAM-01,2019,2,45
DEI-037/CAM-01,2019,3,69
DEI-037/CAM-01,2019,4,57
DEI-037/CAM-01,2019,5,56
DEI-037/CAM-01,2019,6,47
DEI-037/CAM-01,2019,7,56
DEI-037/CAM-01,2019,8,61
DEI-037/CAM-01,2019,9,56
DEI-037/CAM-01,2019,10,66
DEI-037/CAM-01,2019,11,52
DEI-037/CAM-01,2019,12,67
DEI-037/CAM-01,2020,1,36
DEI-037/CAM-01,2020,2,61
DEI-037/CAM-01,2020,3,47
DEI-037/CAM-01,2020,4,22
DEI-037/CAM-01,2020,5,27
DEI-037/CAM-01,2020,6,44
DEI-037/CAM-01,2020,7,39
DEI-037/CAM-01,2020,8,34
DEI-037/CAM-01,2020,9,54
DEI-037/CAM-01,2020,10,43
DEI-037/CAM-01,2020,11,47
DEI-037/CAM-01,2020,12,51
DEI-037/CAM-01,2021,1,71
DEI-037/CAM-01,2021,2,52
DEI-037/CAM-01,2021,3,78
DEI-037/CAM-01,2021,4,59
DEI-037/CAM-01,2021,5,56
DEI-037/CAM-01,2021,6,59
DEI-037/CAM-01,2021,7,57
DEI-037/CAM-01,2021,8,58
DEI-037/CAM-01,2021,9,64
DEI-037/CAM-01,2021,10,72
DEI-037/CAM-01,2021,11,79
DEI-037/CAM-01,2021,12,69
DEI-037/CAM-01,2022,1,59
DEI-037/CAM-01,2022,2,95
DEI-037/CAM-01,2022,3,82
DEI-037/CAM-01,2022,4,78
DEI-037/CAM-01,2022,5,76
DEI-037/CAM-01,2022,6,89
DEI-037/CAM-01,2022,7,96
DEI-037/CAM-01,2022,8,70
DEI-037/CAM-01,2022,9,58
DEI-037/CAM-01,2022,10,46
DEI-037/CAM-01,2022,11,41
DEI-037/CAM-01,2022,12,50
DEI-037/CAM-02,2019,1,53
DEI-037/CAM-02,2019,2,45
DEI-037/CAM-02,2019,3,69
DEI-037/CAM-02,2019,4,57
DEI-037/CAM-02,2019,5,56
DEI-037/CAM-02,2019,6,47
DEI-037/CAM-02,2019,7,56
DEI-037/CAM-02,2019,8,61
DEI-037/CAM-02,2019,9,56
DEI-037/CAM-02,2019,10,66
DEI-037/CAM-02,2019,11,52
DEI-037/CAM-02,2019,12,67
DEI-037/CAM-02,2020,1,36
DEI-037/CAM-02,2020,2,61
DEI-037/CAM-02,2020,3,47
DEI-037/CAM-02,2020,4,22
DEI-037/CAM-02,2020,5,27
DEI-037/CAM-02,2020,6,44
DEI-037/CAM-02,2020,7,39
DEI-037/CAM-02,2020,8,34
DEI-037/CAM-02,2020,9,54
DEI-037/CAM-02,2020,10,43
DEI-037/CAM-02,2020,11,47
DEI-037/CAM-02,2020,12,51
DEI-037/CAM-02,2021,1,71
DEI-037/CAM-02,2021,2,52
DEI-037/CAM-02,2021,3,78
DEI-037/CAM-02,2021,4,59
DEI-037/CAM-02,2021,5,56
DEI-037/CAM-02,2021,6,59
DEI-037/CAM-02,2021,7,57
DEI-037/CAM-02,2021,8,58
DEI-037/CAM-02,2021,9,64
DEI-037/CAM-02,2021,10,72
DEI-037/CAM-02,2021,11,79
DEI-037/CAM-02,2021,12,69
DEI-037/CAM-02,2022,1,59
DEI-037/CAM-02,2022,2,95
DEI-037/CAM-02,2022,3,82
DEI-037/CAM-02,2022,4,78
DEI-037/CAM-02,2022,5,76
DEI-037/CAM-02,2022,6,89
DEI-037/CAM-02,2022,7,96
DEI-037/CAM-02,2022,8,70
DEI-037/CAM-02,2022,9,58
DEI-037/CAM-02,2022,10,46
DEI-037/CAM-02,2022,11,41
DEI-037/CAM-02,2022,12,50
DEI-038/CAM-01,2019,1,59
DEI-038/CAM-01,2019,2,74
DEI-038/CAM-01,2019,3,92
DEI-038/CAM-01,2019,4,62
DEI-038/CAM-01,2019,5,88
DEI-038/CAM-01,2019,6,72
DEI-038/CAM-01,2019,7,97
DEI-038/CAM-01,2019,8,98
DEI-038/CAM-01,2019,9,69
DEI-038/CAM-01,2019,10,85
DEI-038/CAM-01,2019,11,67
DEI-038/CAM-01,2019,12,75
DEI-038/CAM-01,2020,1,68
DEI-038/CAM-01,2020,2,74
DEI-038/CAM-01,2020,3,46
DEI-038/CAM-01,2020,4,13
DEI-038/CAM-01,2020,5,19
DEI-038/CAM-01,2020,6,29
DEI-038/CAM-01,2020,7,40
DEI-038/CAM-01,2020,8,40
DEI-038/CAM-01,2020,9,61
DEI-038/CAM-01,2020,10,50
DEI-038/CAM-01,2020,11,62
DEI-038/CAM-01,2020,12,57
DEI-038/CAM-01,2021,1,62
DEI-038/CAM-01,2021,2,75
DEI-038/CAM-01,2021,3,114
DEI-038/CAM-01,2021,4,67
DEI-038/CAM-01,2021,5,69
DEI-038/CAM-01,2021,6,84
DEI-038/CAM-01,2021,7,96
DEI-038/CAM-01,2021,8,76
DEI-038/CAM-01,2021,9,103
DEI-038/CAM-01,2021,10,131
DEI-038/CAM-01,2021,11,116
DEI-038/CAM-01,2021,12,103
DEI-038/CAM-01,2022,1,102
DEI-038/CAM-01,2022,2,119
DEI-038/CAM-01,2022,3,124
DEI-038/CAM-01,2022,4,135
DEI-038/CAM-01,2022,5,145
DEI-038/CAM-01,2022,6,157
DEI-038/CAM-01,2022,7,140
DEI-038/CAM-01,2022,8,109
DEI-038/CAM-01,2022,9,89
DEI-038/CAM-01,2022,10,62
DEI-038/CAM-01,2022,11,63
DEI-038/CAM-01,2022,12,72
DEI-038/CAM-02,2019,1,59
DEI-038/CAM-02,2019,2,74
DEI-038/CAM-02,2019,3,92
DEI-038/CAM-02,2019,4,62
DEI-038/CAM-02,2019,5,88
DEI-038/CAM-02,2019,6,72
DEI-038/CAM-02,2019,7,97
DEI-038/CAM-02,2019,8,98
DEI-038/CAM-02,2019,9,69
DEI-038/CAM-02,2019,10,85
DEI-038/CAM-02,2019,11,67
DEI-038/CAM-02,2019,12,75
DEI-038/CAM-02,2020,1,68
DEI-038/CAM-02,2020,2,74
DEI-038/CAM-02,2020,3,46
DEI-038/CAM-02,2020,4,13
DEI-038/CAM-02,2020,5,19
DEI-038/CAM-02,2020,6,29
DEI-038/CAM-02,2020,7,40
DEI-038/CAM-02,2020,8,40
DEI-038/CAM-02,2020,9,61
DEI-038/CAM-02,2020,10,50
DEI-038/CAM-02,2020,11,62
DEI-038/CAM-02,2020,12,57
DEI-038/CAM-02,2021,1,62
DEI-038/CAM-02,2021,2,75
DEI-038/CAM-02,2021,3,114
DEI-038/CAM-02,2021,4,67
DEI-038/CAM-02,2021,5,69
DEI-038/CAM-02,2021,6,84
DEI-038/CAM-02,2021,7,96
DEI-038/CAM-02,2021,8,76
DEI-038/CAM-02,2021,9,103
DEI-038/CAM-02,2021,10,131
DEI-038/CAM-02,2021,11,116
DEI-038/CAM-02,2021,12,103
DEI-038/CAM-02,2022,1,102
DEI-038/CAM-02,2022,2,119
DEI-038/CAM-02,2022,3,124
DEI-038/CAM-02,2022,4,135
DEI-038/CAM-02,2022,5,145
DEI-038/CAM-02,2022,6,157
DEI-038/CAM-02,2022,7,140
DEI-038/CAM-02,2022,8,109
DEI-038/CAM-02,2022,9,89
DEI-038/CAM-02,2022,10,62
DEI-038/CAM-02,2022,11,63
DEI-038/CAM-02,2022,12,72
DEI-039/CAM-01,2019,1,15
DEI-039/CAM-01,2019,2,34
DEI-039/CAM-01,2019,3,25
DEI-039/CAM-01,2019,4,19
DEI-039/CAM-01,2019,5,35
DEI-039/CAM-01,2019,6,19
DEI-039/CAM-01,2019,7,28
DEI-039/CAM-01,2019,8,35
DEI-039/CAM-01,2019,9,32
DEI-039/CAM-01,2019,10,23
DEI-039/CAM-01,2019,11,24
DEI-039/CAM-01,2019,12,41
DEI-039/CAM-01,2020,1,21
DEI-039/CAM-01,2020,2,28
DEI-039/CAM-01,2020,3,15
DEI-039/CAM-01,2020,4,8
DEI-039/CAM-01,2020,5,12
DEI-039/CAM-01,2020,6,12
DEI-039/CAM-01,2020,7,18
DEI-039/CAM-01,2020,8,13
DEI-039/CAM-01,2020,9,23
DEI-039/CAM-01,2020,10,27
DEI-039/CAM-01,2020,11,26
DEI-039/CAM-01,2020,12,32
DEI-039/CAM-01,2021,1,15
DEI-039/CAM-01,2021,2,21
DEI-039/CAM-01,2021,3,27
DEI-039/CAM-01,2021,4,24
DEI-039/CAM-01,2021,5,14
DEI-039/CAM-01,2021,6,17
DEI-039/CAM-01,2021,7,17
DEI-039/CAM-01,2021,8,19
DEI-039/CAM-01,2021,9,19
DEI-039/CAM-01,2021,10,21
DEI-039/CAM-01,2021,11,20
DEI-039/CAM-01,2021,12,25
DEI-039/CAM-01,2022,1,13
DEI-039/CAM-01,2022,2,17
DEI-039/CAM-01,2022,3,25
DEI-039/CAM-01,2022,4,18
DEI-039/CAM-01,2022,5,18
DEI-039/CAM-01,2022,6,24
DEI-039/CAM-01,2022,7,31
DEI-039/CAM-01,2022,8,23
DEI-039/CAM-01,2022,9,15
DEI-039/CAM-01,2022,10,11
DEI-039/CAM-01,2022,11,18
DEI-039/CAM-01,2022,12,28
DEI-039/CAM-02,2019,1,24
DEI-039/CAM-02,2019,2,45
DEI-039/CAM-02,2019,3,41
DEI-039/CAM-02,2019,4,37
DEI-039/CAM-02,2019,5,53
DEI-039/CAM-02,2019,6,33
DEI-039/CAM-02,2019,7,44
DEI-039/CAM-02,2019,8,60
DEI-039/CAM-02,2019,9,46
DEI-039/CAM-02,2019,10,40
DEI-039/CAM-02,2019,11,37
DEI-039/CAM-02,2019,12,57
DEI-039/CAM-02,2020,1,29
DEI-039/CAM-02,2020,2,38
DEI-039/CAM-02,2020,3,26
DEI-039/CAM-02,2020,4,13
DEI-039/CAM-02,2020,5,21
DEI-039/CAM-02,2020,6,23
DEI-039/CAM-02,2020,7,30
DEI-039/CAM-02,2020,8,19
DEI-039/CAM-02,2020,9,36
DEI-039/CAM-02,2020,10,35
DEI-039/CAM-02,2020,11,42
DEI-039/CAM-02,2020,12,46
DEI-039/CAM-02,2021,1,22
DEI-039/CAM-02,2021,2,26
DEI-039/CAM-02,2021,3,43
DEI-039/CAM-02,2021,4,33
DEI-039/CAM-02,2021,5,24
DEI-039/CAM-02,2021,6,32
DEI-039/CAM-02,2021,7,30
DEI-039/CAM-02,2021,8,35
DEI-039/CAM-02,2021,9,32
DEI-039/CAM-02,2021,10,33
DEI-039/CAM-02,2021,11,38
DEI-039/CAM-02,2021,12,41
DEI-039/CAM-02,2022,1,25
DEI-039/CAM-02,2022,2,32
DEI-039/CAM-02,2022,3,50
DEI-039/CAM-02,2022,4,37
DEI-039/CAM-02,2022,5,32
DEI-039/CAM-02,2022,6,42
DEI-039/CAM-02,2022,7,43
DEI-039/CAM-02,2022,8,35
DEI-039/CAM-02,2022,9,36
DEI-039/CAM-02,2022,10,18
DEI-039/CAM-02,2022,11,26
DEI-039/CAM-02,2022,12,37
